image,prediction
test-0.png,QXBQD4
test-1.png,TB8NH
test-10.png,DA52
test-100.png,FZQM7
test-1000.png,QMQF
test-1001.png,QW8PX
test-1002.png,QHX57
test-1003.png,2W2W7
test-1004.png,BQ585
test-1005.png,FT5
test-1006.png,F8FTH
test-1007.png,FWA8DH
test-1008.png,MAB2
test-1009.png,WHX5
test-101.png,PQ2WDHA
test-1010.png,MWQBX
test-1011.png,AB6Z52
test-1012.png,6A4FBX
test-1013.png,BQ6A8
test-1014.png,YQYQ
test-1015.png,BABS
test-1016.png,A4Z2X
test-1017.png,Y2WAH
test-1018.png,QFQBS5Z
test-1019.png,QD2QXD
test-102.png,N6XQTQ
test-1020.png,MWE5
test-1021.png,AQ
test-1022.png,Z2HX
test-1023.png,78FHBX7
test-1024.png,MFWHMW
test-1025.png,6FB6HM
test-1026.png,HTDQ5
test-1027.png,6Z4X
test-1028.png,F8Q
test-1029.png,BQAWFKD
test-103.png,8WEXM
test-1030.png,NTBYM7
test-1031.png,XBZD
test-1032.png,WM5Q
test-1033.png,XAWT
test-1034.png,XDZXZ
test-1035.png,P82XQ8
test-1036.png,2Q5
test-1037.png,H82W6M
test-1038.png,NBM5H
test-1039.png,FTZW5
test-104.png,WQD
test-1040.png,WXBSF5
test-1041.png,QQA
test-1042.png,BQHT
test-1043.png,B2QT5
test-1044.png,ZTHQM
test-1045.png,QD2YWMD
test-1046.png,B4H
test-1047.png,6XABM5
test-1048.png,HQ9ZMA
test-1049.png,HTWM5
test-105.png,F65FXM
test-1050.png,WBAQH
test-1051.png,QXWH
test-1052.png,WQFDQ
test-1053.png,FWAQG
test-1054.png,WHXM
test-1055.png,QBABHF
test-1056.png,QSH26DH
test-1057.png,BW7T
test-1058.png,8TQD9D
test-1059.png,BMFT
test-106.png,M8XQXM
test-1060.png,W6FYTQ
test-1061.png,X8Z2W5
test-1062.png,Z2XBH
test-1063.png,HXMQMTM
test-1064.png,M5Q
test-1065.png,HQ49BKZ
test-1066.png,XHXD5ZZ
test-1067.png,M
test-1068.png,QQ82H
test-1069.png,MHM2Q5
test-107.png,FBSQTQ
test-1070.png,BQZ9X
test-1071.png,S5TAZ
test-1072.png,FMHX
test-1073.png,QH6Q2
test-1074.png,8BQTQ
test-1075.png,8BS4ZX
test-1076.png,BHQF2M
test-1077.png,HXW8Z
test-1078.png,2XQXD
test-1079.png,F22B245
test-108.png,MXP
test-1080.png,7QBM5
test-1081.png,MF5
test-1082.png,BMWMB5
test-1083.png,QFTWMX
test-1084.png,8ZWMW5
test-1085.png,W92YC5
test-1086.png,MXH8Q
test-1087.png,F7MH5E
test-1088.png,Q78HFT
test-1089.png,C5TCT
test-109.png,XTHM7
test-1090.png,79ABD
test-1091.png,6HCT
test-1092.png,MABVZ5
test-1093.png,FB5TE4
test-1094.png,F2A52
test-1095.png,2XQ5Q
test-1096.png,BZCG
test-1097.png,FMFXQ
test-1098.png,MPQ
test-1099.png,8BFMQ
test-11.png,2QWX5H
test-110.png,BFWMQ
test-1100.png,Q56M6X
test-1101.png,WDT5
test-1102.png,MX7
test-1103.png,BAHWHW
test-1104.png,M5BYFA
test-1105.png,B68F
test-1106.png,856TM
test-1107.png,QHQHY
test-1108.png,BWBWX
test-1109.png,2XQBG
test-111.png,HBQ5T
test-1110.png,QFQXWQ
test-1111.png,8ABAH
test-1112.png,MAWQ7
test-1113.png,F2WMQ
test-1114.png,HTZ5
test-1115.png,FQX
test-1116.png,7QWH
test-1117.png,QMX8
test-1118.png,Q9XTQT
test-1119.png,8QMX5
test-112.png,FHABY
test-1120.png,8QDHQY
test-1121.png,PYMYBD
test-1122.png,WHQBFX
test-1123.png,5F4HX
test-1124.png,ZMFMH
test-1125.png,W2MXM5
test-1126.png,BMQM
test-1127.png,7MB57
test-1128.png,8FTWXQ
test-1129.png,WYTZ9
test-113.png,SQAF7
test-1130.png,NFWQX
test-1131.png,TZYQTM
test-1132.png,MPMWMD
test-1133.png,QMHC
test-1134.png,BQ2XTH
test-1135.png,WSFWH
test-1136.png,Q2FMH
test-1137.png,MAB2HD
test-1138.png,QF5WTM
test-1139.png,6BQ
test-114.png,MQ2DH5Q
test-1140.png,HYB6H
test-1141.png,FW52
test-1142.png,MBMFQ
test-1143.png,MWH
test-1144.png,DADTFMT
test-1145.png,F45Q5
test-1146.png,X8BDQ
test-1147.png,FBXM
test-1148.png,7QB84
test-1149.png,T5BWB2H
test-115.png,7QXMH5
test-1150.png,ABHX7
test-1151.png,BQS65X
test-1152.png,XQAF
test-1153.png,TQ8Q
test-1154.png,6YAQD
test-1155.png,ZB6ZA5
test-1156.png,XT5YTXB6
test-1157.png,QXBQ8
test-1158.png,X5T
test-1159.png,B2WQF5
test-116.png,ZBHMQD
test-1160.png,QBQ2HD4
test-1161.png,62WFT7
test-1162.png,8BQHZ
test-1163.png,QBWX
test-1164.png,BQBQ
test-1165.png,S2WQDE
test-1166.png,BHBQ8
test-1167.png,85BFTM85
test-1168.png,BQM
test-1169.png,DH5
test-117.png,BHX58
test-1170.png,FWQBF2
test-1171.png,WBAF2
test-1172.png,762HWH
test-1173.png,CBQDY8H
test-1174.png,8YHX6S5Z
test-1175.png,XTZHX
test-1176.png,F5MWAQ
test-1177.png,TET6
test-1178.png,UMW
test-1179.png,6A8BW
test-118.png,FWBM7
test-1180.png,Q6WQ
test-1181.png,6WBX
test-1182.png,X2XQD
test-1183.png,YF5A
test-1184.png,ZQMQX
test-1185.png,B5WB
test-1186.png,QQWH
test-1187.png,6X5FTKZ
test-1188.png,F3YFQABF24F4
test-1189.png,2QSWH
test-119.png,YMQ
test-1190.png,5THXQ
test-1191.png,TFMWXZ
test-1192.png,6H5
test-1193.png,8Q6WBWM
test-1194.png,MQK8
test-1195.png,SB28Z
test-1196.png,BXWKT
test-1197.png,FB65
test-1198.png,WQFD
test-1199.png,8QTBH
test-12.png,BYFYA5
test-120.png,MHYQ85
test-1200.png,MHQX7
test-1201.png,BFW5P
test-1202.png,YAQ5
test-1203.png,MWH5
test-1204.png,D6YHTQ
test-1205.png,MHQ25
test-1206.png,8SB
test-1207.png,YB6Q5
test-1208.png,8BWM5
test-1209.png,ZMWBAQ
test-121.png,MHBXH
test-1210.png,QXBM
test-1211.png,WBHQCD
test-1212.png,2FWBXM
test-1213.png,C9FHZF5
test-1214.png,QXZ
test-1215.png,BQMT7W
test-1216.png,FQFWM5
test-1217.png,WXQ5E
test-1218.png,MTQWH
test-1219.png,DQHSFABWM
test-122.png,QXFKDZ
test-1220.png,7QC9WP
test-1221.png,2W7
test-1222.png,M8Z2HM
test-1223.png,8X8AHQ57
test-1224.png,XQB6Q
test-1225.png,MAQA
test-1226.png,WHWDX
test-1227.png,B6WH
test-1228.png,FMFBXH
test-1229.png,WXC8
test-123.png,QHWM
test-1230.png,BWXY8DZ
test-1231.png,B2YHFA
test-1232.png,Q5ZA8
test-1233.png,WQT72H
test-1234.png,QXHX4
test-1235.png,HDQE
test-1236.png,TQWH65
test-1237.png,TB4W2
test-1238.png,2H8F5H
test-1239.png,ABYF8
test-124.png,HYHA5
test-1240.png,Q7DMX
test-1241.png,QZZ5
test-1242.png,FQQDQFZ
test-1243.png,QBYQ2X7
test-1244.png,Q2SZ6M
test-1245.png,6Q2X
test-1246.png,BABY8
test-1247.png,MQ6MM
test-1248.png,BFBHMQ5
test-1249.png,BAHZ
test-125.png,6M
test-1250.png,6QYWX7
test-1251.png,XDX85
test-1252.png,FMHDZ
test-1253.png,WHMA7
test-1254.png,ZXT
test-1255.png,QTA7
test-1256.png,B6ZTA
test-1257.png,XNT28D
test-1258.png,6XAEH
test-1259.png,XWK8
test-126.png,6SBSBE
test-1260.png,2F4H5
test-1261.png,2S5TG
test-1262.png,ABZ5
test-1263.png,QSZFM
test-1264.png,C5FWM
test-1265.png,7TMQH7
test-1266.png,QMQ5X
test-1267.png,QWBM2
test-1268.png,BYHZ5
test-1269.png,MHYH8B2
test-127.png,WBFWXH
test-1270.png,P2BWBG
test-1271.png,6TWBC
test-1272.png,BQFY5
test-1273.png,H2HWH
test-1274.png,BMWM5
test-1275.png,PQSQ5Q
test-1276.png,WDHQ2
test-1277.png,2FHWHA
test-1278.png,BPMX
test-1279.png,MPMWAH
test-128.png,DXX2
test-1280.png,B4D2
test-1281.png,WQ5TBQ
test-1282.png,Q6H2H
test-1283.png,QHQ29Z9
test-1284.png,X8FQ2E
test-1285.png,BQ824
test-1286.png,M6MFX
test-1287.png,WH5
test-1288.png,T6BBMFM
test-1289.png,BCQM5
test-129.png,QABAQ
test-1290.png,BH5Q
test-1291.png,B5DMWH
test-1292.png,BQXBAD
test-1293.png,STFXH2
test-1294.png,QSQF8H
test-1295.png,HXM
test-1296.png,7QTQM2
test-1297.png,F5MMX
test-1298.png,BCD4H4
test-1299.png,M6
test-13.png,WHAQ
test-130.png,BW5CE
test-1300.png,QBQ82B24Q
test-1301.png,HFYZW5
test-1302.png,YB5H
test-1303.png,MWAF5Q
test-1304.png,MMHM
test-1305.png,62YM7X5
test-1306.png,BABQWX
test-1307.png,XH59ZF7
test-1308.png,9H
test-1309.png,QB9DHQ5
test-131.png,XQMQ
test-1310.png,2QHAH
test-1311.png,QHQX
test-1312.png,YFHX7
test-1313.png,MH5B5
test-1314.png,6QB8H
test-1315.png,Q29TQM
test-1316.png,MQH
test-1317.png,BFMSZ2F5H
test-1318.png,QQMMX8
test-1319.png,MFQDZ
test-132.png,8BHWH9
test-1320.png,Q2QAX7
test-1321.png,MXQXKT
test-1322.png,EWABBA
test-1323.png,BX2Q
test-1324.png,TM8WQD
test-1325.png,BQ4HH
test-1326.png,W2DHW
test-1327.png,6QP
test-1328.png,DQ5
test-1329.png,BADQX
test-133.png,NFBYFY
test-1330.png,BYHBZ5
test-1331.png,QTQXTM
test-1332.png,HPWWD
test-1333.png,B28FM
test-1334.png,MWETQ
test-1335.png,T8HFWG
test-1336.png,8XBMQ
test-1337.png,XMZ
test-1338.png,W2BQ4
test-1339.png,XT6TB
test-134.png,2WC8
test-1340.png,XQWFH
test-1341.png,85F5QZ
test-1342.png,5AD2C2
test-1343.png,MWT
test-1344.png,BXQC8
test-1345.png,XHX89
test-1346.png,BHXT8Q
test-1347.png,BYHWH
test-1348.png,86FWQM8
test-1349.png,XWA6Q
test-135.png,N2QFMH
test-1350.png,ZWD2XF
test-1351.png,M5QW
test-1352.png,HHTHX
test-1353.png,Q2ZQD
test-1354.png,TBHZTYB2
test-1355.png,8WHB4
test-1356.png,TK89
test-1357.png,6Q54HX4
test-1358.png,FTMM7T
test-1359.png,H6HQX
test-136.png,NFWHM
test-1360.png,ABYFQ
test-1361.png,QMTA
test-1362.png,BFHADQ
test-1363.png,B65Z2Z
test-1364.png,HXBWD
test-1365.png,XBC
test-1366.png,WQ2QX2
test-1367.png,W8F2
test-1368.png,FZB4F4
test-1369.png,QBQD
test-137.png,86WXM
test-1370.png,NHBX
test-1371.png,QXZM
test-1372.png,2WHFQ
test-1373.png,QFZ7
test-1374.png,BAHMB2
test-1375.png,6QHX9MXM
test-1376.png,HQTBQD
test-1377.png,W2XQE
test-1378.png,C6QX9X
test-1379.png,H2Q65
test-138.png,QTQ9
test-1380.png,BXWXT
test-1381.png,7TBY5
test-1382.png,MDXHD
test-1383.png,BQ5Y
test-1384.png,ZB8Q4
test-1385.png,HAHQ5
test-1386.png,FWHF5H
test-1387.png,XQDX
test-1388.png,TMXPF
test-1389.png,Q6QB5
test-139.png,42BAQ
test-1390.png,ABW2
test-1391.png,AQ5
test-1392.png,PYQXQX
test-1393.png,BQS5
test-1394.png,FBQA2T
test-1395.png,Q85
test-1396.png,QFYBM
test-1397.png,YZQBX
test-1398.png,Q4ZWX
test-1399.png,6H9HM
test-14.png,WA6Z
test-140.png,Q8M
test-1400.png,BYXHX
test-1401.png,QQ9SFXH
test-1402.png,WNB6H
test-1403.png,BZWXZ5
test-1404.png,82W84Z
test-1405.png,QFBQ7W
test-1406.png,NBHXQ
test-1407.png,7M5Q
test-1408.png,BQBQWD
test-1409.png,F4A94
test-141.png,B6ZZT
test-1410.png,QXNH62
test-1411.png,Q4QTX
test-1412.png,HWQ
test-1413.png,HST8
test-1414.png,2YHB5
test-1415.png,ZWBM
test-1416.png,FA8HYM
test-1417.png,Q2FMXP
test-1418.png,CB2QZ
test-1419.png,28TA
test-142.png,WXZ
test-1420.png,2YF6X
test-1421.png,ZMXZAM
test-1422.png,MHWHD
test-1423.png,WQZZM
test-1424.png,8QM
test-1425.png,WHB5D
test-1426.png,72BWQ
test-1427.png,BXZXF
test-1428.png,Q6985EZ
test-1429.png,7Q2DHA
test-143.png,MFM
test-1430.png,W2ABH
test-1431.png,BDQ5Q
test-1432.png,WHBABZ
test-1433.png,B84M
test-1434.png,N8HXM
test-1435.png,ZWHM
test-1436.png,AH5
test-1437.png,FQHQM
test-1438.png,BX5BWT
test-1439.png,W2H
test-144.png,MHFBSZ
test-1440.png,5AX8MQ
test-1441.png,A2HMH
test-1442.png,DQFXQ
test-1443.png,6QF2Z
test-1444.png,BAQ8TX
test-1445.png,HWD
test-1446.png,9HBAH
test-1447.png,QM6WM
test-1448.png,NBTW8Q
test-1449.png,Q2SFUWM
test-145.png,MQQAE
test-1450.png,WMQ
test-1451.png,B5FM
test-1452.png,BFW5
test-1453.png,WQFQA8
test-1454.png,8XAZ
test-1455.png,HBH5H
test-1456.png,BYXB5
test-1457.png,FBY58Z
test-1458.png,B2FQW
test-1459.png,9BWA5
test-146.png,CBMDQX
test-1460.png,B859
test-1461.png,STQAB
test-1462.png,BQHQX
test-1463.png,BHABH
test-1464.png,6BF4BHA
test-1465.png,FWHF5
test-1466.png,HYHXTG
test-1467.png,2BABDEZ
test-1468.png,HQM
test-1469.png,STFQD
test-147.png,XPFWP
test-1470.png,BMQQTM
test-1471.png,Q2QB8
test-1472.png,BMFM7
test-1473.png,PS5MX
test-1474.png,MWTQ
test-1475.png,BM
test-1476.png,QBQAZ
test-1477.png,WXDM
test-1478.png,TFSFSQ5
test-1479.png,FQKTZ
test-148.png,BQYBM
test-1480.png,HC56Q
test-1481.png,7N8WFWX7
test-1482.png,QMQX
test-1483.png,8BMM
test-1484.png,8YWH4G
test-1485.png,6284
test-1486.png,BQXMXQ
test-1487.png,7AQQ
test-1488.png,BXZ8D
test-1489.png,FAM4
test-149.png,QWX
test-1490.png,MMXFA5
test-1491.png,DQ4C5
test-1492.png,Y2TQH2
test-1493.png,2XMFQ2
test-1494.png,6BYZ5
test-1495.png,DQD5E
test-1496.png,F5A
test-1497.png,2XAZQM
test-1498.png,H2YFH
test-1499.png,5WH4E
test-15.png,QX5YTDAH
test-150.png,5BHWDH
test-1500.png,M8TFD
test-1501.png,2BQE
test-1502.png,HXQM
test-1503.png,6B6X
test-1504.png,A6FY8G
test-1505.png,ZWBWH
test-1506.png,NB2A
test-1507.png,BA8P6
test-1508.png,BAH6DM
test-1509.png,HMT2BEH
test-151.png,BQTQP
test-1510.png,HTTF6T5
test-1511.png,TF2896KP
test-1512.png,QHZHH
test-1513.png,HQB5
test-1514.png,XMQT2
test-1515.png,TZQ852
test-1516.png,BM5X
test-1517.png,2AQZ2
test-1518.png,QNBWQ
test-1519.png,62AD
test-152.png,FYB58
test-1520.png,BANH5BD
test-1521.png,2BXY5
test-1522.png,Q2FHM
test-1523.png,Q2XB5Z
test-1524.png,85B4QZ
test-1525.png,F8B6DHM
test-1526.png,MQX2Q
test-1527.png,8FWFWH
test-1528.png,B8FWQ
test-1529.png,QAQBYWQ
test-153.png,ABQX
test-1530.png,BT8X
test-1531.png,MQBWX
test-1532.png,NBQX85
test-1533.png,FMFWZKQ
test-1534.png,YTB5T
test-1535.png,ZQF
test-1536.png,485TX
test-1537.png,2QAFM5
test-1538.png,QDH2HX
test-1539.png,29X
test-154.png,N8QW8
test-1540.png,H2CHQH
test-1541.png,FM
test-1542.png,XF5HW
test-1543.png,QDWGT
test-1544.png,8FWBYQ5
test-1545.png,Z2QWWH
test-1546.png,EYEFWX
test-1547.png,MP82WQ
test-1548.png,B5FQD8
test-1549.png,QAQWTM
test-155.png,HHYX
test-1550.png,NBEABZ
test-1551.png,2AQX8
test-1552.png,7Q5ZQZ
test-1553.png,HBMQBX
test-1554.png,B2WB4H
test-1555.png,28Z5
test-1556.png,AD4BCF
test-1557.png,B6MWM
test-1558.png,FAWHDYZ
test-1559.png,H6Q5
test-156.png,QBM
test-1560.png,7PMEHWH
test-1561.png,XQFA5
test-1562.png,M5XT
test-1563.png,Q2HX
test-1564.png,26BQD
test-1565.png,85WZ7
test-1566.png,HWH5C8
test-1567.png,8DXM
test-1568.png,Q82W9H
test-1569.png,QX4CWQ
test-157.png,6QM5WF
test-1570.png,PXWXP
test-1571.png,X7D
test-1572.png,A5Y9DZ
test-1573.png,MQXW
test-1574.png,68242A5
test-1575.png,85FWH
test-1576.png,6XWXQD
test-1577.png,WHQH5
test-1578.png,B8DY
test-1579.png,5ES54A
test-158.png,2BFBQ
test-1580.png,Z6YHQD
test-1581.png,BYFBH2TQ
test-1582.png,7QFBTQD
test-1583.png,M6FHX
test-1584.png,MHAHMTM
test-1585.png,MQ85HX
test-1586.png,6MTWB6DM
test-1587.png,BWHXD
test-1588.png,BF2FM
test-1589.png,MMQX
test-159.png,MTQM
test-1590.png,ABQWB5
test-1591.png,B2W5
test-1592.png,XB6T
test-1593.png,XQ5
test-1594.png,QX2X
test-1595.png,F269T
test-1596.png,XTXTQH
test-1597.png,AQ2FX
test-1598.png,QTBYJ6D
test-1599.png,BWACH
test-16.png,MHC68W
test-160.png,MQ8
test-1600.png,BXZFWM
test-1601.png,659F
test-1602.png,HBYB
test-1603.png,7HFMX5
test-1604.png,DA5
test-1605.png,PAQYB5
test-1606.png,N2QX5Q
test-1607.png,BSZ5D
test-1608.png,FMQWBG
test-1609.png,Q2H7
test-161.png,BD6MG
test-1610.png,MADH
test-1611.png,DMXAX4
test-1612.png,DW65
test-1613.png,Q6Q6F5BQ
test-1614.png,85T6TQ
test-1615.png,H6TW3WP
test-1616.png,8A2MM
test-1617.png,TBQW8D
test-1618.png,HDHAQ
test-1619.png,QHBXT52
test-162.png,QH2ZT
test-1620.png,H86QG
test-1621.png,BXQMAH9
test-1622.png,2QFYM7
test-1623.png,BQHW5
test-1624.png,W2Q7Q5
test-1625.png,Q6QMT8
test-1626.png,QHXX
test-1627.png,7FMHZM
test-1628.png,DXTM
test-1629.png,F2WQF
test-163.png,FMBAH
test-1630.png,B9T74
test-1631.png,F2C5M87
test-1632.png,T2X9
test-1633.png,M8BXDX
test-1634.png,MQTD4
test-1635.png,XTH6
test-1636.png,MT8BDQD2
test-1637.png,MTXTBQH
test-1638.png,B2DQXQ5
test-1639.png,ABXMT
test-164.png,EWMH
test-1640.png,BADWT
test-1641.png,PHZT54
test-1642.png,EADH
test-1643.png,B8MTM
test-1644.png,6CB86M
test-1645.png,TPQXFH
test-1646.png,F6Z4H2
test-1647.png,MHXZ75
test-1648.png,HFH5H
test-1649.png,ZQTWTQ
test-165.png,QQBHWH
test-1650.png,B9FXT
test-1651.png,N2WQA5
test-1652.png,HCFBXM
test-1653.png,WHXMHW
test-1654.png,MQXG
test-1655.png,TBTWQ
test-1656.png,BCBQP
test-1657.png,MMDYHW4
test-1658.png,BM5WB
test-1659.png,H6QM
test-166.png,QDHM
test-1660.png,A6ST
test-1661.png,2MHM
test-1662.png,M
test-1663.png,Q3X6M
test-1664.png,6Q2MXMX
test-1665.png,SQBA8D
test-1666.png,XMQXQH
test-1667.png,36AFQ
test-1668.png,HA5F
test-1669.png,2B2F2Z
test-167.png,BMWD4B
test-1670.png,ZAZ5
test-1671.png,8SD6MQ
test-1672.png,BAB7FX
test-1673.png,QDXQ5
test-1674.png,2WMDBTZ
test-1675.png,QQXBQM
test-1676.png,CBA5
test-1677.png,8H
test-1678.png,QHD5A5
test-1679.png,SM89H
test-168.png,FY78TT8
test-1680.png,MX6HWM
test-1681.png,QTA24
test-1682.png,74FZ
test-1683.png,5A5
test-1684.png,B65BJE
test-1685.png,2XBQH
test-1686.png,B5Q5
test-1687.png,XWXWF
test-1688.png,BMQM
test-1689.png,HWTBQDH
test-169.png,FQ5QX
test-1690.png,MTXM
test-1691.png,QXWHW
test-1692.png,PHWBD
test-1693.png,8ABYTX
test-1694.png,6Q527T
test-1695.png,8B2ZY7
test-1696.png,BAHAQ5
test-1697.png,XDH
test-1698.png,WQHBQXQ
test-1699.png,QTQXWX
test-17.png,85BWAM
test-170.png,HUMX
test-1700.png,682QWT5
test-1701.png,BA5FB
test-1702.png,Q9M
test-1703.png,6XA
test-1704.png,9FWMDD
test-1705.png,N6Q2H4
test-1706.png,XNQ
test-1707.png,B6D6Q5
test-1708.png,Q8Q29NFQ
test-1709.png,WST2Z7
test-171.png,Q5XWAD
test-1710.png,4Z29B2X
test-1711.png,BXNBC
test-1712.png,QD
test-1713.png,AQ659
test-1714.png,QTTTM
test-1715.png,QMWHX
test-1716.png,6DTCM
test-1717.png,WYFQTZZ
test-1718.png,SQQX
test-1719.png,ZWHDZ
test-172.png,ABXC
test-1720.png,6DB26WM
test-1721.png,MTNF6BQ8
test-1722.png,SBFZ
test-1723.png,8HB5T5
test-1724.png,HDQH
test-1725.png,62QWA5
test-1726.png,QB8FHB
test-1727.png,XH2QMH
test-1728.png,BAM8
test-1729.png,68592
test-173.png,DQEW2D
test-1730.png,AHA8M
test-1731.png,WNBQ8
test-1732.png,NF56H
test-1733.png,C229FAHE
test-1734.png,XXQBQB5
test-1735.png,TBAWAD
test-1736.png,MHWHXH
test-1737.png,ZS5D
test-1738.png,QMT
test-1739.png,QBFAZT
test-174.png,XPQWX
test-1740.png,XWB5M
test-1741.png,7PWT8
test-1742.png,XSTQ
test-1743.png,DXAH24
test-1744.png,XBQ2XH4
test-1745.png,QQ9BQW4
test-1746.png,SWBHE
test-1747.png,BH2Y5
test-1748.png,QW
test-1749.png,26F52Z
test-175.png,MHMDZ25
test-1750.png,QQXHC
test-1751.png,2BWHA4
test-1752.png,WXW
test-1753.png,6BWM8
test-1754.png,H2H5F5
test-1755.png,MW4QM
test-1756.png,BXWQ5
test-1757.png,MQXC
test-1758.png,QWQH7
test-1759.png,82TWM
test-176.png,WXBM5
test-1760.png,QYZH
test-1761.png,H8BK5
test-1762.png,HCH2FD
test-1763.png,659Z4
test-1764.png,SQWQ72
test-1765.png,Q6X
test-1766.png,MQX5
test-1767.png,QMT8H
test-1768.png,MQYT
test-1769.png,Q8QHY
test-177.png,Q26AS5
test-1770.png,B2BCDHSZ
test-1771.png,F8B4542
test-1772.png,ZA8HXQ
test-1773.png,8BQT
test-1774.png,MMX
test-1775.png,2W4XQ
test-1776.png,XH5XF7M
test-1777.png,Q8QFT5BQ
test-1778.png,B6QF5
test-1779.png,QHXBXD
test-178.png,6XFT2TQ
test-1780.png,XTDQ
test-1781.png,MX6PMM
test-1782.png,9DAQHZ
test-1783.png,HAQBQ2D
test-1784.png,6D2WX5
test-1785.png,9WXWX
test-1786.png,QBDH
test-1787.png,HQB2
test-1788.png,MWHF5Q9
test-1789.png,2HB5
test-179.png,QXWH
test-1790.png,AAT754
test-1791.png,ZQX7
test-1792.png,B5TQ
test-1793.png,BYT5Q
test-1794.png,2XBXWX
test-1795.png,B856DQ
test-1796.png,2XQ8
test-1797.png,EZABX
test-1798.png,TDAQX
test-1799.png,H7MH
test-18.png,BFQ5T
test-180.png,W2W29
test-1800.png,F5B2FX
test-1801.png,X6MHM
test-1802.png,X82F9
test-1803.png,B2H4
test-1804.png,F2X5
test-1805.png,MQW2FM
test-1806.png,QXTQ
test-1807.png,WHXHQ
test-1808.png,6ZM
test-1809.png,B89AZD
test-181.png,FYWF5ZD
test-1810.png,MBMM
test-1811.png,BWB5
test-1812.png,86TWM
test-1813.png,XH265Z
test-1814.png,QB6TZ
test-1815.png,8NBADWH
test-1816.png,Q8XM
test-1817.png,SMT8BWH
test-1818.png,QPQQX
test-1819.png,2A5WH
test-182.png,MWXQD
test-1820.png,E2HS2H
test-1821.png,6WQXBM
test-1822.png,8QWM
test-1823.png,W2MW
test-1824.png,DNBXH
test-1825.png,62QTCQM
test-1826.png,MQ2HWB
test-1827.png,2AB85
test-1828.png,FBWQDM
test-1829.png,A9YBF5
test-183.png,WDWMZ
test-1830.png,BQHZ
test-1831.png,66FH
test-1832.png,QZ2X582
test-1833.png,THABH
test-1834.png,65B2ZTQ
test-1835.png,BHQH
test-1836.png,M7M
test-1837.png,8S5AQ2
test-1838.png,DYZ
test-1839.png,QAQB5Y
test-184.png,BQHBXD
test-1840.png,B29N5Q
test-1841.png,HP65
test-1842.png,WQBYMMZ
test-1843.png,CSBQTQH
test-1844.png,X2AH
test-1845.png,854BXD
test-1846.png,T8BQBQ
test-1847.png,8AFT
test-1848.png,WHKD
test-1849.png,QYBY5X
test-185.png,FQ5QSQ5
test-1850.png,Q5Q4
test-1851.png,XHMX
test-1852.png,8TDXT
test-1853.png,MXM
test-1854.png,XQ624
test-1855.png,B2F9DWZ5
test-1856.png,QWXWC2
test-1857.png,8F6Q6
test-1858.png,NBWHXQ
test-1859.png,BYYT6X
test-186.png,52WHD
test-1860.png,MNFQ
test-1861.png,NBQ5D
test-1862.png,MXPTZQ5
test-1863.png,HBQBDA
test-1864.png,8HHQM
test-1865.png,ZBX29
test-1866.png,BZEZ4
test-1867.png,BAFWZ5
test-1868.png,BZHTBHW
test-1869.png,XMYTQ
test-187.png,FEYW8X
test-1870.png,METZX
test-1871.png,MQWQBXB
test-1872.png,HM8HWXD
test-1873.png,QXTA5TD
test-1874.png,MW2Y5Z
test-1875.png,BPHX
test-1876.png,NFBX45
test-1877.png,QMMM
test-1878.png,FH2XT
test-1879.png,FA5BQ
test-188.png,WQX8T
test-1880.png,9QWXDH
test-1881.png,BXMHMKT
test-1882.png,B9BZ2D
test-1883.png,NSWHDZ
test-1884.png,6BWBT8
test-1885.png,B2Q5H
test-1886.png,HB2W8X
test-1887.png,XQFQD
test-1888.png,MQHWFT
test-1889.png,W8BWQ
test-189.png,QQXQX
test-1890.png,BQ3Q5
test-1891.png,HDQ52
test-1892.png,75AFQ7
test-1893.png,2FAZ2
test-1894.png,MXTQFQ
test-1895.png,QQXMW
test-1896.png,9XM
test-1897.png,PQ6QABQ
test-1898.png,XQW8C
test-1899.png,WHDXH
test-19.png,WA6QFM
test-190.png,8D4
test-1900.png,XBSTTCT
test-1901.png,8SZFWFH
test-1902.png,2DAZ
test-1903.png,8Q2XT7
test-1904.png,WT75
test-1905.png,MHQM
test-1906.png,NB6QZ
test-1907.png,Q68QWYQ
test-1908.png,F6H8PV
test-1909.png,MBFBH
test-191.png,5BYDXM
test-1910.png,HQXM
test-1911.png,WXTDHZ
test-1912.png,6XF
test-1913.png,DXWXZ
test-1914.png,ZAQ5
test-1915.png,QTY
test-1916.png,FAFWBG
test-1917.png,HQHAD4
test-1918.png,WHQS7
test-1919.png,MTQ8Y
test-192.png,QBXT5
test-1920.png,BYDWH7
test-1921.png,MHBXX
test-1922.png,Q9T
test-1923.png,DQ522
test-1924.png,HXD6M
test-1925.png,Q6AQH
test-1926.png,QXMM
test-1927.png,WBDY
test-1928.png,FTPDQ
test-1929.png,B2ZAH
test-193.png,BZHQM
test-1930.png,QTHA2T
test-1931.png,CYZ52
test-1932.png,B8265
test-1933.png,QXFQXQ5
test-1934.png,QP2TQ
test-1935.png,WFZM
test-1936.png,QMQHTQ
test-1937.png,HWQT
test-1938.png,YBQ5
test-1939.png,BYZTF4
test-194.png,9BWT
test-1940.png,Z6BDA
test-1941.png,BTFB4DQ
test-1942.png,NH5
test-1943.png,ZB6BH
test-1944.png,BMWWM
test-1945.png,MBMHD
test-1946.png,XWQM5G
test-1947.png,WMTZHW
test-1948.png,82BQXQH
test-1949.png,W2WVT
test-195.png,B6YTZQ
test-1950.png,8HMDY5
test-1951.png,QH9TFX
test-1952.png,SFT
test-1953.png,WQ5M
test-1954.png,H8HA5Y
test-1955.png,XM
test-1956.png,5B2Q9
test-1957.png,HQ6D
test-1958.png,B2M
test-1959.png,2QBQ4
test-196.png,CBAQB5
test-1960.png,H6WB6Z
test-1961.png,XWXFQD
test-1962.png,ABH2
test-1963.png,BA5B24F
test-1964.png,88FWH9
test-1965.png,2QDA2
test-1966.png,M8HX
test-1967.png,MHTH
test-1968.png,872MDX
test-1969.png,2QY7Z
test-197.png,TQ8T6ZTM8
test-1970.png,QX7C5
test-1971.png,QBQBE8
test-1972.png,5HHWHBQ
test-1973.png,TSCZCDZ
test-1974.png,BAQ894D
test-1975.png,HBQP
test-1976.png,M6Q
test-1977.png,QHMX
test-1978.png,YTYM
test-1979.png,B2WX7
test-198.png,QB2XQM
test-1980.png,WDAB5
test-1981.png,BYFM8ZM
test-1982.png,WXTFA5
test-1983.png,8DAX
test-1984.png,FMWH
test-1985.png,HAX
test-1986.png,D6F
test-1987.png,SBWXQ
test-1988.png,7THMHH4
test-1989.png,E4XQF
test-199.png,Q68BAH
test-1990.png,QS9TG
test-1991.png,WBH7Q
test-1992.png,DQ8QM
test-1993.png,XMXM
test-1994.png,BWHBQX
test-1995.png,YBQF
test-1996.png,9MXG
test-1997.png,WABQFX
test-1998.png,ATHW2
test-1999.png,62FABF5
test-2.png,QMQXW
test-20.png,2Z2AH
test-200.png,QBQH
test-2000.png,QETCD5
test-2001.png,A8M5
test-2002.png,FYQ4WH
test-2003.png,7WQMH
test-2004.png,Z2ETS5M
test-2005.png,Z2XZM
test-2006.png,FT8HQX
test-2007.png,PHWQM
test-2008.png,TB2Q
test-2009.png,F6WBD
test-201.png,XB2X5
test-2010.png,T7MF
test-2011.png,BSBQD
test-2012.png,ABDMZ
test-2013.png,TF29BFCZ2
test-2014.png,HXD
test-2015.png,HXWH
test-2016.png,52T2A
test-2017.png,A2QADE
test-2018.png,FMQ
test-2019.png,BHWHE
test-202.png,2QFD
test-2020.png,MH6H
test-2021.png,QWHQXD
test-2022.png,QH2WM7
test-2023.png,MWHZ
test-2024.png,FAQ5
test-2025.png,QMHWHX
test-2026.png,WB6M
test-2027.png,6WBQB
test-2028.png,BHWTQX
test-2029.png,ASA2H8Z
test-203.png,FH4WH
test-2030.png,BA5A
test-2031.png,SFQTZ
test-2032.png,Q2WYABG
test-2033.png,6Q2QBQ5
test-2034.png,WBF58T
test-2035.png,TFXM
test-2036.png,2XWX5
test-2037.png,HABS8H
test-2038.png,FY2QFM
test-2039.png,TMHQXEX
test-204.png,QMMX
test-2040.png,YB6ZE2WH
test-2041.png,B26FQX
test-2042.png,QD2AE
test-2043.png,QTSTB2Z5
test-2044.png,QHMX
test-2045.png,HD
test-2046.png,WHWQW
test-2047.png,Q8WTM
test-2048.png,QD4B2H
test-2049.png,QXQSXQD
test-205.png,AB2A5
test-2050.png,SQTBQ
test-2051.png,W7WQD
test-2052.png,HMY5
test-2053.png,QXQ
test-2054.png,8XTX
test-2055.png,MHHQQ
test-2056.png,XMPAD
test-2057.png,828
test-2058.png,BHWWE
test-2059.png,QM6
test-206.png,XFWMX
test-2060.png,8QQN5Q
test-2061.png,BFQMW
test-2062.png,AQ5QXHK
test-2063.png,QBA6D
test-2064.png,F2Q
test-2065.png,BF597
test-2066.png,QQXTDQ
test-2067.png,B85ZM7
test-2068.png,MH68X
test-2069.png,WQBT52
test-207.png,C2MQZ
test-2070.png,MWHM
test-2071.png,XFXWM7
test-2072.png,7MXEZG5
test-2073.png,MXBA5B
test-2074.png,HHWHM
test-2075.png,8BXQ5
test-2076.png,ZA26FX
test-2077.png,8MXT
test-2078.png,8QNBQ8TQ
test-2079.png,AF7AT
test-208.png,BFXP5
test-2080.png,QMMW
test-2081.png,HXQMXTM
test-2082.png,NCD4H
test-2083.png,MFNFH5
test-2084.png,78XQ
test-2085.png,WQ8
test-2086.png,WQHXQH
test-2087.png,CBQT7
test-2088.png,YX5ZQ
test-2089.png,QB6MQ5
test-209.png,87T2W9
test-2090.png,2Q5
test-2091.png,MHX
test-2092.png,ZHFB6M
test-2093.png,MQBXC
test-2094.png,85DW
test-2095.png,WWXBHM
test-2096.png,HBTDM
test-2097.png,HNBYF5
test-2098.png,FBQHQ
test-2099.png,84HFH
test-21.png,2AB2FA
test-210.png,BX6XHE
test-2100.png,2XFTQ
test-2101.png,D2W4
test-2102.png,S6WQXQ
test-2103.png,CQPXH
test-2104.png,BC82FWH
test-2105.png,MFMX
test-2106.png,9EBWM
test-2107.png,QX6MW
test-2108.png,X7WHQ
test-2109.png,AE5XQ
test-211.png,QBQH
test-2110.png,TF2854
test-2111.png,5B6FXK5
test-2112.png,HT6X
test-2113.png,T629WM7
test-2114.png,QXYZ
test-2115.png,HSYF5SZ
test-2116.png,YBFTQ
test-2117.png,HB2HBHX
test-2118.png,XWQAQ
test-2119.png,XTWKBT5
test-212.png,QYB6Z7
test-2120.png,FBYB4D
test-2121.png,9BXW2
test-2122.png,QFWX
test-2123.png,B6B5HM
test-2124.png,BY8
test-2125.png,7QT2WQ
test-2126.png,SFX2QM
test-2127.png,8BQXFQ
test-2128.png,FBZHXD
test-2129.png,A825E5
test-213.png,BQBW9
test-2130.png,QHBWQ5
test-2131.png,BDYFQ
test-2132.png,QWKD
test-2133.png,6F2WHM
test-2134.png,QF2BWH
test-2135.png,FMNBQ
test-2136.png,2YH5
test-2137.png,BD2Z9
test-2138.png,WQBYHT
test-2139.png,6XH
test-214.png,MQXWQTD8
test-2140.png,BY6TM
test-2141.png,WXZX
test-2142.png,MHQBD
test-2143.png,WHBQH
test-2144.png,25Z2H2
test-2145.png,B2W8Q
test-2146.png,7S5ZZ2
test-2147.png,QWQHFQ5
test-2148.png,ACQ5
test-2149.png,MWQWH
test-215.png,ZWQH
test-2150.png,PHQM
test-2151.png,YB7FQ
test-2152.png,W2QXA
test-2153.png,QFQM
test-2154.png,XMX6
test-2155.png,7QBMFQ
test-2156.png,B6X
test-2157.png,HF6QX
test-2158.png,HSZ5S
test-2159.png,QXMF
test-216.png,HW2DH4
test-2160.png,Q824BQ5
test-2161.png,M5XTDHWZ
test-2162.png,HZB482HX
test-2163.png,XMWMHT
test-2164.png,Q62XM
test-2165.png,NBX7M
test-2166.png,BQC7Z
test-2167.png,MFMWHT5
test-2168.png,XBMPQ
test-2169.png,BFTZB4F4
test-217.png,8T8
test-2170.png,HH2AP
test-2171.png,T65S2Z
test-2172.png,BWH
test-2173.png,QDMQX
test-2174.png,XQQXM
test-2175.png,QXWDQ
test-2176.png,84WBWF
test-2177.png,M8FCBH
test-2178.png,Q9BTHWX
test-2179.png,QFYFTZX
test-218.png,XFQQH5
test-2180.png,BQCDW8
test-2181.png,H6H2F2Q2
test-2182.png,56QX7
test-2183.png,Q9FWFM
test-2184.png,7M2WH
test-2185.png,86QBQH
test-2186.png,BYBA8G
test-2187.png,QXQHQ
test-2188.png,SABQG
test-2189.png,YEWHQ
test-219.png,SBQMMT
test-2190.png,WH7
test-2191.png,Q2MQ2
test-2192.png,8TQ
test-2193.png,SDH8A
test-2194.png,ZBM5XTD
test-2195.png,SZ2XF
test-2196.png,HHAB2XQ
test-2197.png,HWDE
test-2198.png,BMHQ4H
test-2199.png,29H
test-22.png,CHAE
test-220.png,XQM
test-2200.png,NBC6
test-2201.png,Q2YFX
test-2202.png,6QWH
test-2203.png,SAB6XTMH
test-2204.png,QFYFHWG
test-2205.png,7HDQTZ4
test-2206.png,4BSYF5
test-2207.png,E68X5
test-2208.png,BHQWH
test-2209.png,BT5Q5H
test-221.png,Q4XYEHZ
test-2210.png,WBWT7
test-2211.png,SMTSE
test-2212.png,7F2FH2
test-2213.png,B5WXH7
test-2214.png,HMB5XD
test-2215.png,85FMH
test-2216.png,FWQFY5E
test-2217.png,QCQX5Q
test-2218.png,FYXQ8
test-2219.png,FWM
test-222.png,QHXFTH5
test-2220.png,66V
test-2221.png,QXWD
test-2222.png,6T8MQ
test-2223.png,FFQH
test-2224.png,H6QM7
test-2225.png,FYXMF7M
test-2226.png,XDX
test-2227.png,B2SFW5
test-2228.png,E6X
test-2229.png,2Q5HMH
test-223.png,24B45
test-2230.png,BYMNBX
test-2231.png,7MTBA
test-2232.png,BAQ
test-2233.png,6XFWM
test-2234.png,6B2AE
test-2235.png,BZ2WSB
test-2236.png,6BA6M7
test-2237.png,QAWDX
test-2238.png,HCH
test-2239.png,BYHWBQ
test-224.png,MPMYWQ
test-2240.png,B5YX
test-2241.png,MAWXQ
test-2242.png,MWQBAQ
test-2243.png,H8C5Q
test-2244.png,AQB5
test-2245.png,FAFHZ
test-2246.png,W2DWQ2
test-2247.png,AFQMQ
test-2248.png,H4BZHX
test-2249.png,SQ2B5Z
test-225.png,QP
test-2250.png,HBC2WHT
test-2251.png,FDHABH
test-2252.png,66FMXM
test-2253.png,YFYF5D5
test-2254.png,HMXQWT
test-2255.png,MD4H4
test-2256.png,P68R3M
test-2257.png,HWBX45
test-2258.png,FMX
test-2259.png,ZFMW
test-226.png,HMQT8
test-2260.png,HFWQ
test-2261.png,DQMM
test-2262.png,B5ABYZ5
test-2263.png,WBWB6
test-2264.png,QHQB8
test-2265.png,PAQWXQ
test-2266.png,B5T
test-2267.png,8Q92WM
test-2268.png,TQFAX5
test-2269.png,QQCTDX
test-227.png,NB6FYZ
test-2270.png,H85XH
test-2271.png,HQ5XB
test-2272.png,MA265
test-2273.png,WMBTQFZ
test-2274.png,DMD
test-2275.png,FYQG
test-2276.png,QQFQ5
test-2277.png,FBMBM
test-2278.png,BMB6
test-2279.png,QT6QM
test-228.png,PA25YF65
test-2280.png,QFQXQ
test-2281.png,Q8FHFM4Z
test-2282.png,HB2QBM
test-2283.png,BA5Q
test-2284.png,MQ22TX4
test-2285.png,MWTX
test-2286.png,2AHDWWA7Z
test-2287.png,MXQT5
test-2288.png,QT82S5AD4
test-2289.png,7MQKFZ
test-229.png,YBQXWQ
test-2290.png,6QF2Z
test-2291.png,HFMX
test-2292.png,B6BH
test-2293.png,F2E5
test-2294.png,HF5W9X
test-2295.png,MWBH8
test-2296.png,8HQMX
test-2297.png,4FZXZW
test-2298.png,FMAQT
test-2299.png,BBSWQAZ
test-23.png,Q6B8
test-230.png,QS6F8
test-2300.png,A9HEWE
test-2301.png,WD6A5Q
test-2302.png,HQBSQ5
test-2303.png,8Q
test-2304.png,5Z9FZ
test-2305.png,BAXAHD
test-2306.png,BHHTHG
test-2307.png,AC6D4H
test-2308.png,FSZWX8
test-2309.png,SFWH8
test-231.png,QQ5
test-2310.png,MCDH
test-2311.png,HQDWPQ
test-2312.png,QHYFM5
test-2313.png,BYCBYD
test-2314.png,DXQQ
test-2315.png,7J75YW5
test-2316.png,WH
test-2317.png,2Q2XA
test-2318.png,WB6WH
test-2319.png,H8EB5DH
test-232.png,7MWDX
test-2320.png,QQB2WD
test-2321.png,FQ8FK6
test-2322.png,2QXT5
test-2323.png,82Q
test-2324.png,TF6T2
test-2325.png,HTDQM
test-2326.png,PES2HW7
test-2327.png,2XN2Q
test-2328.png,W8
test-2329.png,QXXTQM
test-233.png,2YFHX8
test-2330.png,BQ8ZWZD
test-2331.png,HBW2H2
test-2332.png,WQTHQX
test-2333.png,6QDQ5
test-2334.png,QNQ5A2
test-2335.png,THFN6
test-2336.png,AB6T8
test-2337.png,HAS2H5QZ
test-2338.png,MWQA8
test-2339.png,HBHWZ
test-234.png,MHWXMQM
test-2340.png,MQN24X
test-2341.png,QHCDKF
test-2342.png,NBXM
test-2343.png,MQ
test-2344.png,2HWH5
test-2345.png,FAB5
test-2346.png,QMHX
test-2347.png,BYH5
test-2348.png,BQF2B9
test-2349.png,YFA7
test-235.png,HMWBQH
test-2350.png,HHX
test-2351.png,BQBPWH
test-2352.png,6MQMM
test-2353.png,B2WA5D
test-2354.png,FYAQ
test-2355.png,WQB6P
test-2356.png,Q85M
test-2357.png,F8BQ
test-2358.png,QBXWH
test-2359.png,QQWQ
test-236.png,HBCS562
test-2360.png,BAD
test-2361.png,EFM
test-2362.png,FTBW2H
test-2363.png,BHQMQ
test-2364.png,ZHWQMX
test-2365.png,QTQTSFSE
test-2366.png,QYBQ8B2
test-2367.png,HQB9H
test-2368.png,BAB2D
test-2369.png,BSBA5
test-237.png,MHW25M
test-2370.png,FQWXD
test-2371.png,M76WX
test-2372.png,TBYECB
test-2373.png,NBXZ
test-2374.png,ADHM
test-2375.png,M7ME
test-2376.png,MFB7HM
test-2377.png,B6W6FW
test-2378.png,TQB82
test-2379.png,C2QD
test-238.png,HSYB65Z
test-2380.png,85XFD
test-2381.png,FQX
test-2382.png,MMWFM
test-2383.png,NBTQ
test-2384.png,WQBFM
test-2385.png,B2WM
test-2386.png,WE
test-2387.png,XAQ8
test-2388.png,PMWK5
test-2389.png,6Q9WMD
test-239.png,PWAB5
test-2390.png,FHBY5
test-2391.png,HC97
test-2392.png,2EWQ
test-2393.png,MM5
test-2394.png,BXT
test-2395.png,YTF25Z
test-2396.png,MQXQM
test-2397.png,WBTXE
test-2398.png,YT5TBX
test-2399.png,XHDEM
test-24.png,QN2QTDG
test-240.png,DAQDA8
test-2400.png,BHASZ2
test-2401.png,F85T5
test-2402.png,8QBQDQ
test-2403.png,MMMWH
test-2404.png,XDY2W
test-2405.png,DQX
test-2406.png,HABXM
test-2407.png,HB6H45
test-2408.png,Z6BQ5Q
test-2409.png,YEHMB5X
test-241.png,XWQ
test-2410.png,9FMWX
test-2411.png,HQW26M
test-2412.png,N6WXD
test-2413.png,WHWH
test-2414.png,XMXFX8NT
test-2415.png,QH6AQ
test-2416.png,67ZYZ
test-2417.png,BNB2TM5
test-2418.png,8W2Z
test-2419.png,B6QST
test-242.png,6HXM
test-2420.png,QX8H2W
test-2421.png,T7HTDQT
test-2422.png,WQBYP
test-2423.png,85BHDQX
test-2424.png,BQZMWH
test-2425.png,QW9W4E
test-2426.png,C29TZ52
test-2427.png,QTHW
test-2428.png,SQMWQZ2
test-2429.png,HQDQHS
test-243.png,ABFMWH
test-2430.png,4BHM
test-2431.png,FX4
test-2432.png,QXQXD
test-2433.png,BCQHM
test-2434.png,BQ5B6Z
test-2435.png,HF6WQM
test-2436.png,TQXTSF5
test-2437.png,MXP6
test-2438.png,QWQBW5
test-2439.png,CBYX85
test-244.png,BDWH
test-2440.png,8QQ
test-2441.png,QWH5
test-2442.png,WQ6Q5
test-2443.png,Q5YF7
test-2444.png,MWAHW
test-2445.png,TQ2CQBZ
test-2446.png,2AQY
test-2447.png,BABWHHB
test-2448.png,BFA6W
test-2449.png,WMDX
test-245.png,MH5M
test-2450.png,FWH8M
test-2451.png,QDDABH
test-2452.png,HFBWH
test-2453.png,B8F8DW
test-2454.png,D2XQF4
test-2455.png,NBYM8Q
test-2456.png,MHYWFKT
test-2457.png,QSFWP
test-2458.png,BMNBD
test-2459.png,QWHD
test-246.png,6Q66BXT
test-2460.png,WXT6
test-2461.png,HXQ5Y
test-2462.png,BQ9B2YQH
test-2463.png,QBWQM
test-2464.png,X7AXQ
test-2465.png,CFQC84XWQ
test-2466.png,NFNDX
test-2467.png,TS5WQ5
test-2468.png,M6WHFM
test-2469.png,2FA
test-247.png,BABY8ZQ
test-2470.png,QATB52
test-2471.png,WFBX5
test-2472.png,6YBQ2QQ
test-2473.png,X8TFK5H
test-2474.png,6QXQH
test-2475.png,QB8FT
test-2476.png,FXM8M7
test-2477.png,MHM
test-2478.png,XNBT5M
test-2479.png,FAQB
test-248.png,HWQFQM
test-2480.png,TYDXHTT5
test-2481.png,C9HV5
test-2482.png,8WQADX
test-2483.png,TBQPT
test-2484.png,MBAHD
test-2485.png,B5MKE
test-2486.png,HZ2QD
test-2487.png,MXXD
test-2488.png,8XJE8
test-2489.png,BHB9Z7
test-249.png,AQBQW
test-2490.png,M9H9HW
test-2491.png,QHXT
test-2492.png,6BQEB4
test-2493.png,WH2XD
test-2494.png,XHFHBQ
test-2495.png,HMXY
test-2496.png,WHEHZ
test-2497.png,QBTZCZ
test-2498.png,BFWQX7
test-2499.png,B6FK5
test-25.png,89FHQH
test-250.png,24WXWH
test-2500.png,2WHP
test-2501.png,DWHQX5Z
test-2502.png,Q22QWH
test-2503.png,QTBX8
test-2504.png,B65B2
test-2505.png,MWXT
test-2506.png,QXH
test-2507.png,MWTC
test-2508.png,BM6M
test-2509.png,HAZZ2Z
test-251.png,HQZ2HA
test-2510.png,XFX8
test-2511.png,MWPM
test-2512.png,6FBQ
test-2513.png,Q5SF5Q
test-2514.png,X2M8
test-2515.png,A5QHW
test-2516.png,NB6BW8
test-2517.png,5QWQTX
test-2518.png,BABH
test-2519.png,56QAQ
test-252.png,HB2FBH
test-2520.png,8DFWHZ
test-2521.png,BFSB26F5
test-2522.png,FM6MQ
test-2523.png,A59WH
test-2524.png,HBA5
test-2525.png,X7FWQWM
test-2526.png,HAAD
test-2527.png,6QWH
test-2528.png,WQB8H
test-2529.png,XE4HX
test-253.png,BF2WXE
test-2530.png,DA2AS54H
test-2531.png,DXC65M
test-2532.png,SWBX5
test-2533.png,YF2WQ
test-2534.png,MXMQ
test-2535.png,QQTQ7
test-2536.png,HNBX
test-2537.png,HBWHFT
test-2538.png,7WBYFT
test-2539.png,QWQWQZ5
test-254.png,BQ2W8
test-2540.png,NBAZ
test-2541.png,PWHBQD
test-2542.png,TYXY5D
test-2543.png,B2A5XZ5
test-2544.png,762HCX
test-2545.png,AF2A8T
test-2546.png,MWFHW
test-2547.png,H82B4A
test-2548.png,MQTH
test-2549.png,AB5T
test-255.png,B6AB5
test-2550.png,HZW5
test-2551.png,WMQD
test-2552.png,6QX
test-2553.png,QX2X5
test-2554.png,QYFQF8
test-2555.png,8HWHYA8
test-2556.png,BYHXTM
test-2557.png,QWPMM
test-2558.png,FQF94B4
test-2559.png,XA6P
test-256.png,BQMFX
test-2560.png,HBWH
test-2561.png,6HMX
test-2562.png,8B8T
test-2563.png,QXXQ5
test-2564.png,YB2HAQ
test-2565.png,AHQ85
test-2566.png,5BQXWH
test-2567.png,QWHBQ
test-2568.png,SQQT5
test-2569.png,TBTQM
test-257.png,Q2F6X
test-2570.png,FMWHMF
test-2571.png,6MEKE
test-2572.png,BSWQ
test-2573.png,B8YA
test-2574.png,WDA22Z
test-2575.png,QXZEZ
test-2576.png,FQX8
test-2577.png,Q8Z2Z
test-2578.png,B2A25
test-2579.png,SBWQH
test-258.png,MWX
test-2580.png,XMBXA
test-2581.png,MQWCFWH
test-2582.png,BMQQ
test-2583.png,MF6MM
test-2584.png,MHT8
test-2585.png,7MHQB85Q
test-2586.png,TBHG
test-2587.png,QTDAET
test-2588.png,B7Q5
test-2589.png,QQF5QX
test-259.png,QQHW
test-2590.png,MBMEQXD
test-2591.png,AFS5Z
test-2592.png,H65H6TQ2
test-2593.png,MX5FFTH
test-2594.png,Q6QZ58
test-2595.png,HXMM
test-2596.png,HFQM
test-2597.png,MQ8
test-2598.png,MT6XF6
test-2599.png,6AD4
test-26.png,HA8T8
test-260.png,BQBSF
test-2600.png,8Q24E2
test-2601.png,HQTZV
test-2602.png,FAWHTH
test-2603.png,Y5FWBZ
test-2604.png,QWDA5
test-2605.png,HPH
test-2606.png,QFQ28Z
test-2607.png,QTQ6Q7
test-2608.png,DMXM
test-2609.png,PM
test-261.png,WA8FQ
test-2610.png,8256G
test-2611.png,BPQMW4
test-2612.png,CQX5
test-2613.png,2A5ZD
test-2614.png,NBHX
test-2615.png,N869B2W
test-2616.png,Q5QWXM
test-2617.png,X8B8FQ
test-2618.png,H8HX
test-2619.png,MWHXM
test-262.png,HEZQBZ
test-2620.png,6F2AH
test-2621.png,X2X5
test-2622.png,BHXQMA
test-2623.png,FYQB2
test-2624.png,42T
test-2625.png,HWQ2BM
test-2626.png,QABQ
test-2627.png,2BDY
test-2628.png,MFNTWE
test-2629.png,2AQ7
test-263.png,TQHH2
test-2630.png,WDQ5ZCZ
test-2631.png,MBQ58M7
test-2632.png,QFMHX57
test-2633.png,MWXB6
test-2634.png,MBWXQ
test-2635.png,QCDWH5
test-2636.png,HMTP
test-2637.png,ZS5
test-2638.png,BQB2STH
test-2639.png,MWW2H
test-264.png,8AYBWP
test-2640.png,QH9QX7
test-2641.png,WXM
test-2642.png,YFHWG
test-2643.png,6CTSF8
test-2644.png,WHM
test-2645.png,WNBWX
test-2646.png,2TQM
test-2647.png,85Z5
test-2648.png,Z2CD
test-2649.png,BYHZ
test-265.png,QHX5H
test-2650.png,XTDY
test-2651.png,BYYMQ
test-2652.png,2MBWX
test-2653.png,QX8X2H
test-2654.png,B2XQH
test-2655.png,BYABQZ5
test-2656.png,82YBWZ
test-2657.png,2852E
test-2658.png,ZMQWXMX
test-2659.png,WBN8T2
test-266.png,QMXA
test-2660.png,64BYHDH
test-2661.png,B6F9ZYZ
test-2662.png,H5FMXM
test-2663.png,WA8D
test-2664.png,YT8Q5T
test-2665.png,XBQ9MQ
test-2666.png,WQX5Q
test-2667.png,MF5DAD
test-2668.png,CBFH5
test-2669.png,QFW9Z
test-267.png,Q524H
test-2670.png,WQXM7
test-2671.png,XHWM
test-2672.png,ZSBDA
test-2673.png,8FBQX
test-2674.png,ZMXD
test-2675.png,YBYF2
test-2676.png,HBQBDZ
test-2677.png,QHSFAB5
test-2678.png,WX
test-2679.png,XFABQM
test-268.png,FBQH
test-2680.png,M7WZ6FD
test-2681.png,2MH4D5
test-2682.png,FMHM
test-2683.png,5YAF2
test-2684.png,M8QBWHM
test-2685.png,BQHXTM
test-2686.png,6X5QT
test-2687.png,BY8Z
test-2688.png,Z7X
test-2689.png,HW2Q5
test-269.png,8TQAQH
test-2690.png,QQH
test-2691.png,HNHQFTX
test-2692.png,BN6XM
test-2693.png,MBXWTK5
test-2694.png,QZAB
test-2695.png,BAHFT
test-2696.png,MBQX
test-2697.png,N85
test-2698.png,85EH
test-2699.png,QWQ
test-27.png,DHB2BHWZ
test-270.png,9XQX
test-2700.png,HAH6
test-2701.png,WXD5
test-2702.png,BS26F
test-2703.png,HPHYXTQ
test-2704.png,BH6ZWFT
test-2705.png,QYF2
test-2706.png,7T5SZ
test-2707.png,BQB6Q
test-2708.png,BQTSQD
test-2709.png,QMHM
test-271.png,XQFWQM
test-2710.png,HQXM5
test-2711.png,Q285Q
test-2712.png,MF8WHQ
test-2713.png,2WHW
test-2714.png,YBQF
test-2715.png,ABTB
test-2716.png,BQ2B9TG
test-2717.png,QMDM
test-2718.png,7MB7
test-2719.png,B8BQMWXM
test-272.png,H5W2T5
test-2720.png,6MXM
test-2721.png,EWQ5
test-2722.png,8Q2QMDY
test-2723.png,BQWQ
test-2724.png,D8T
test-2725.png,WB4WHZ
test-2726.png,S2Z
test-2727.png,FBWBH
test-2728.png,XMQ5
test-2729.png,XFX7TQ
test-273.png,ZQ8P
test-2730.png,6M9WHTW
test-2731.png,MHAHAP
test-2732.png,AQSWZ
test-2733.png,Q2ZZ
test-2734.png,CBQFD
test-2735.png,HFWXQ
test-2736.png,QWQMZ
test-2737.png,WQAD
test-2738.png,Q2AD
test-2739.png,XMHMW
test-274.png,BFQPM
test-2740.png,BDWH7
test-2741.png,B3QAB5
test-2742.png,M7XT2ZW
test-2743.png,MT2Q
test-2744.png,QFH
test-2745.png,BM5EYZE
test-2746.png,T2MPQ
test-2747.png,W2KF4A
test-2748.png,QHXH4
test-2749.png,CZQDX
test-275.png,MTFHA5
test-2750.png,BA8H
test-2751.png,2WH5
test-2752.png,F623WA8
test-2753.png,BQQXTB5
test-2754.png,H5WH
test-2755.png,B24H
test-2756.png,9AHB4
test-2757.png,MT8E
test-2758.png,WQFC6M
test-2759.png,MXTM
test-276.png,QT2ABY8M
test-2760.png,SBQ5
test-2761.png,T6T84
test-2762.png,MMB5F2
test-2763.png,MTX
test-2764.png,H8BXQ5
test-2765.png,FZWHAFD
test-2766.png,XHAXH
test-2767.png,WQXW5
test-2768.png,F26MWQ
test-2769.png,QB2A2Q7
test-277.png,2QFWQ
test-2770.png,A2Q5T
test-2771.png,FWH
test-2772.png,FAYDQFM
test-2773.png,NTZXQ
test-2774.png,XQHXM5M
test-2775.png,PX2H
test-2776.png,M78Y7Q
test-2777.png,WH5HQD
test-2778.png,FBHQ
test-2779.png,8DXWD
test-278.png,BQTF5
test-2780.png,DWXBXH
test-2781.png,HFYWTX
test-2782.png,STBXT
test-2783.png,HMWBTQ
test-2784.png,QWXH
test-2785.png,7TB2W
test-2786.png,6QNFQX
test-2787.png,YFYWD5
test-2788.png,7BDM7
test-2789.png,W85M
test-279.png,2YBAFQ
test-2790.png,4BYF2
test-2791.png,AATQ
test-2792.png,WMTH
test-2793.png,SXWQM
test-2794.png,BE54AZ
test-2795.png,8WH
test-2796.png,QQWHX
test-2797.png,88X
test-2798.png,85ST5
test-2799.png,M6529G
test-28.png,QHZM
test-280.png,BAHMQ
test-2800.png,BYMB85
test-2801.png,7HA2XFAP
test-2802.png,QWHXQX
test-2803.png,M7W2
test-2804.png,QBQE
test-2805.png,XXWQM
test-2806.png,WH6HWQ
test-2807.png,686BNBQ
test-2808.png,BNBWMM
test-2809.png,MQ
test-281.png,BAAQB2
test-2810.png,TQCQHG
test-2811.png,H6HAD
test-2812.png,6QHQXMX
test-2813.png,BA5247
test-2814.png,WXC5Z
test-2815.png,B5H9HWX
test-2816.png,DXQ2QEQ
test-2817.png,MXQX
test-2818.png,HADM
test-2819.png,M7
test-282.png,62WXQ5
test-2820.png,FMX7MX
test-2821.png,H9AZH
test-2822.png,9WHBH
test-2823.png,XM7
test-2824.png,YZAEWHZ
test-2825.png,QBWQ52
test-2826.png,QBC526
test-2827.png,BQH
test-2828.png,6XQTD
test-2829.png,Q2XQWX
test-283.png,2HNBWQ
test-2830.png,BDW54
test-2831.png,HXWHEH
test-2832.png,W2QZ
test-2833.png,BYQXM
test-2834.png,28TW
test-2835.png,MFMXQ
test-2836.png,PMMX
test-2837.png,2ADE
test-2838.png,8HMA
test-2839.png,QC2WQ
test-284.png,XFQXBX
test-2840.png,W2YX52
test-2841.png,QBXAP
test-2842.png,QH9QT8
test-2843.png,NBQX
test-2844.png,NFB6M
test-2845.png,6BXQHMM
test-2846.png,BXQHT
test-2847.png,QF5TM
test-2848.png,2QXH
test-2849.png,NH9FBY
test-285.png,B2BHXQ
test-2850.png,FA5M
test-2851.png,5HY7Q
test-2852.png,F8WM
test-2853.png,24XZ7
test-2854.png,FQBXQ
test-2855.png,Y5WB
test-2856.png,BABQ
test-2857.png,F6ZYZ
test-2858.png,QYBFQ6
test-2859.png,QBWBZ
test-286.png,Q8WMQH
test-2860.png,N8S2WHQTD
test-2861.png,26Q22
test-2862.png,2XD5
test-2863.png,WB5Y
test-2864.png,BFQ5EZQZ
test-2865.png,68XWH
test-2866.png,QX7X
test-2867.png,QMYMAQF
test-2868.png,HWXQ
test-2869.png,M5T
test-287.png,F85
test-2870.png,XQH
test-2871.png,QHM
test-2872.png,Q8Q9AD
test-2873.png,5QQ
test-2874.png,HFXX
test-2875.png,X5M7
test-2876.png,W6H
test-2877.png,C722FWX
test-2878.png,QWM8M
test-2879.png,BWQD
test-288.png,WB5Z
test-2880.png,QD9ABM
test-2881.png,BQB42B6Z
test-2882.png,QBHMT
test-2883.png,89T2WQM
test-2884.png,BQH
test-2885.png,Q2QWB5
test-2886.png,HMWX
test-2887.png,BFMXBM
test-2888.png,MFV
test-2889.png,WHWX
test-289.png,ZF65H
test-2890.png,H8HQ
test-2891.png,QXQMX
test-2892.png,2XFWH
test-2893.png,QP6
test-2894.png,QCDXH
test-2895.png,DAHQ5Z
test-2896.png,85ZFTM
test-2897.png,Q65C5D
test-2898.png,WMK5
test-2899.png,6BMZYX
test-29.png,7WFW
test-290.png,8QHWFH5
test-2900.png,QWBWQ5
test-2901.png,9B2XHZ
test-2902.png,MHYWD
test-2903.png,6TXT
test-2904.png,WB5ZXZ
test-2905.png,B5YWB5
test-2906.png,5B2M5Z
test-2907.png,HWH
test-2908.png,F56WHFH
test-2909.png,6DQWA
test-291.png,ND2DWH5
test-2910.png,8QS2SF5
test-2911.png,85BYF52
test-2912.png,26DZ
test-2913.png,BXF8ZM7
test-2914.png,4QMX
test-2915.png,B2WBQH
test-2916.png,XSQHM
test-2917.png,86A52XF5
test-2918.png,Q2QHZ5Z
test-2919.png,XTBHXM
test-292.png,ZMDQAD
test-2920.png,QNH9XA
test-2921.png,22B2Z
test-2922.png,X8BW
test-2923.png,B5FSZ
test-2924.png,2YDM
test-2925.png,B9XA
test-2926.png,98D7
test-2927.png,DXWH
test-2928.png,2WHFH
test-2929.png,NB6MWHF
test-293.png,XW2Q5
test-2930.png,BXWDX
test-2931.png,QZMWQ
test-2932.png,HXWQ5
test-2933.png,2FTWM
test-2934.png,8Q6Q2YF
test-2935.png,BA2HDZ5
test-2936.png,SFXH5
test-2937.png,NBQDQ5
test-2938.png,BA2QBM
test-2939.png,ZWQ6M
test-294.png,HP6HYZ5
test-2940.png,9FAF7M
test-2941.png,MWA85Q
test-2942.png,BXZEWXT
test-2943.png,DHA5
test-2944.png,5QMXQ5
test-2945.png,BQBB4
test-2946.png,X8ZWH
test-2947.png,6QX
test-2948.png,2Q6ZW
test-2949.png,PQ9HXHQ
test-295.png,MWMWD
test-2950.png,SHMDQ
test-2951.png,6HQTFCH
test-2952.png,X7YT5C5
test-2953.png,Q9FWMX
test-2954.png,TSZ2ZCT2
test-2955.png,8QB2H2Q
test-2956.png,FBYBWHM
test-2957.png,ZAXSZ
test-2958.png,FT5BQX
test-2959.png,B2HH
test-296.png,S2CBA8
test-2960.png,FAHHC
test-2961.png,XB5Z
test-2962.png,NBQBWQ
test-2963.png,WCBAH
test-2964.png,HMQ
test-2965.png,BWQHQ
test-2966.png,6CBYB5
test-2967.png,XWEH
test-2968.png,HVHWZEH
test-2969.png,DAQ65
test-297.png,MHWH
test-2970.png,8BHQ8
test-2971.png,9FTZBW
test-2972.png,5FQFQ67
test-2973.png,QQMQ2H
test-2974.png,WHQFTQ
test-2975.png,WHTQZ
test-2976.png,QQXDWME
test-2977.png,9AB2AH
test-2978.png,BQHWK
test-2979.png,M8W2QWQ
test-298.png,BWXM7
test-2980.png,B6QBM
test-2981.png,XFXQM
test-2982.png,T8MBM
test-2983.png,WXN5Z
test-2984.png,62WQ5D
test-2985.png,H9QMQ
test-2986.png,HBQM
test-2987.png,9BHQD
test-2988.png,4FMHM
test-2989.png,Q2WQW
test-299.png,249WP
test-2990.png,7MNBDM
test-2991.png,BWNFA8
test-2992.png,MXZ
test-2993.png,CZA55
test-2994.png,FMQX
test-2995.png,6ZWHD4
test-2996.png,QQFQWQM
test-2997.png,QQXTM
test-2998.png,QWG
test-2999.png,E2QF9ZHM
test-3.png,8BQM8
test-30.png,Q442AH
test-300.png,M
test-3000.png,QHQDM
test-3001.png,QFQZBQ2
test-3002.png,CHFWP
test-3003.png,QBAF5
test-3004.png,Q95WD
test-3005.png,QXBQB9
test-3006.png,HXA5
test-3007.png,W6F2XH
test-3008.png,QBW2Q5Z
test-3009.png,BABXH
test-301.png,HQA2
test-3010.png,BAHBQG
test-3011.png,A8Q58
test-3012.png,TDA
test-3013.png,ZBQ6W
test-3014.png,QYQTDE
test-3015.png,AB2
test-3016.png,Q62S7M
test-3017.png,BHZMWQ
test-3018.png,MFQX
test-3019.png,FMPBWK
test-302.png,766XX
test-3020.png,2FZM
test-3021.png,8QA5
test-3022.png,HBAHW8D
test-3023.png,BE4H
test-3024.png,QT6QD
test-3025.png,TB8FQ
test-3026.png,AMPB9F
test-3027.png,HBWBWQ
test-3028.png,6XQH
test-3029.png,DQB2
test-303.png,7NBSTT
test-3030.png,BWY2
test-3031.png,FSZB4G
test-3032.png,BT829Q
test-3033.png,BQ
test-3034.png,W852Z
test-3035.png,A8QHE5
test-3036.png,WBTZTK8
test-3037.png,MQ9WM
test-3038.png,FB5T67
test-3039.png,AHYD45
test-304.png,XQ9DWX5
test-3040.png,MWKD
test-3041.png,8SFXWQ
test-3042.png,ZYB2X
test-3043.png,PHYQM
test-3044.png,QMAC
test-3045.png,AQMFX
test-3046.png,HCXD
test-3047.png,WB5XT
test-3048.png,8Q2X
test-3049.png,HBH6HM
test-305.png,Z2ZM7
test-3050.png,Q7QM
test-3051.png,QXSXB5Z
test-3052.png,YFS85
test-3053.png,W2N8WM
test-3054.png,HFXMT
test-3055.png,22W
test-3056.png,FA5YXQZ
test-3057.png,FQY
test-3058.png,BB65X5
test-3059.png,MW2QXQ
test-306.png,2XF5Q
test-3060.png,H7FYF
test-3061.png,2XH8PH
test-3062.png,H6QPM
test-3063.png,Q2QMT
test-3064.png,YH5D
test-3065.png,BWAH
test-3066.png,HXASZ
test-3067.png,HBHB8Z
test-3068.png,BAZH
test-3069.png,B6QM
test-307.png,WB6Q8
test-3070.png,QBZJ6
test-3071.png,F42Z9
test-3072.png,ABQ
test-3073.png,Q2T5
test-3074.png,8XAWAFH
test-3075.png,XBXH6
test-3076.png,HWH
test-3077.png,B2YSD4T
test-3078.png,BQBQ8
test-3079.png,MWXTX
test-308.png,PW6FM
test-3080.png,XQD
test-3081.png,2M6CW
test-3082.png,2MHM
test-3083.png,5MZX
test-3084.png,8XHQZD
test-3085.png,BQDQH
test-3086.png,8HQBX
test-3087.png,ZQ8G
test-3088.png,QXFWH
test-3089.png,X2A5
test-309.png,2WQ
test-3090.png,BA2Q4
test-3091.png,Q7Q5K5
test-3092.png,BQWQWK8
test-3093.png,QCQFD
test-3094.png,FQFDX
test-3095.png,WHTFWX
test-3096.png,B85ZDZ
test-3097.png,MQVM7
test-3098.png,2WQH5
test-3099.png,XFQAQ
test-31.png,QHXF2X
test-310.png,T8F2F4
test-3100.png,ZW2A5
test-3101.png,6T6QQX
test-3102.png,TQXQB5
test-3103.png,WQ5ZCH
test-3104.png,H6X8
test-3105.png,7Q2QB5
test-3106.png,SQ5Q
test-3107.png,BQDG
test-3108.png,B8FAY
test-3109.png,6BQ4Z
test-311.png,Q68BD
test-3110.png,MWM
test-3111.png,YXHQ
test-3112.png,6A857
test-3113.png,HD2XBX
test-3114.png,FQZMX
test-3115.png,562MH
test-3116.png,BWQXG
test-3117.png,BFTQWH
test-3118.png,FTXTDX
test-3119.png,Q8QDWM
test-312.png,FYQHQ
test-3120.png,QBYXE
test-3121.png,WM
test-3122.png,BA5X
test-3123.png,QTHC85
test-3124.png,B6FUM
test-3125.png,PHHXMWM
test-3126.png,HBWDM
test-3127.png,6XH
test-3128.png,2QB8FM
test-3129.png,2WF7
test-313.png,B2W9
test-3130.png,Q52X7
test-3131.png,MBW5X
test-3132.png,BQ59H
test-3133.png,WQFXH5
test-3134.png,QMXTPM
test-3135.png,PWHW
test-3136.png,FDMWB
test-3137.png,HBW
test-3138.png,BZ5DX
test-3139.png,FWQB5
test-314.png,HWHQ
test-3140.png,TMBM
test-3141.png,B8FQDM
test-3142.png,2YTQP
test-3143.png,A86B
test-3144.png,QD4QH
test-3145.png,6XBWGD
test-3146.png,9BQHM
test-3147.png,QB6MHQ
test-3148.png,WYFQ5
test-3149.png,TQBXMMH
test-315.png,Q6QB5QX
test-3150.png,XTFYHT
test-3151.png,MZWBXZD
test-3152.png,T9GTM7
test-3153.png,QXQXQ
test-3154.png,FQH
test-3155.png,WQHF65
test-3156.png,8HA52AHT5
test-3157.png,659TXZ
test-3158.png,HMXFQ
test-3159.png,8MQM
test-316.png,QXM
test-3160.png,52ZXQ
test-3161.png,MAB9A8
test-3162.png,QM2JZ8
test-3163.png,B6YQ
test-3164.png,QXAQ
test-3165.png,BF6MTQ
test-3166.png,QHFQ8Z
test-3167.png,QS6Q5Z
test-3168.png,MWAQ5
test-3169.png,Q2YQ7
test-317.png,FQF8857
test-3170.png,8MHT
test-3171.png,BP8B66X
test-3172.png,MTMT58
test-3173.png,ADQMX
test-3174.png,8DXWMQ
test-3175.png,QTQXB
test-3176.png,HBA2HW2
test-3177.png,QB6C29Z
test-3178.png,HWQC84
test-3179.png,HF5BQ
test-318.png,AP2MQ
test-3180.png,7MFZWZMB
test-3181.png,5BC57
test-3182.png,HBXHQ2
test-3183.png,FMWX5
test-3184.png,BXES6W
test-3185.png,XFMWQH
test-3186.png,AH5DG
test-3187.png,PQP
test-3188.png,BXWHQ
test-3189.png,8XYM7D
test-319.png,A2TM
test-3190.png,Q9H
test-3191.png,2WQWH
test-3192.png,9WY2H2
test-3193.png,FABAT
test-3194.png,H8FWQ
test-3195.png,HFMEXHMX
test-3196.png,BF2WXH
test-3197.png,FQMWB
test-3198.png,MHXWM
test-3199.png,YB2X8ZX
test-32.png,QXQXW
test-320.png,HSQB5
test-3200.png,AQX
test-3201.png,ZBYZ4Z
test-3202.png,CABQX
test-3203.png,BW4Z5
test-3204.png,WQFNFBQW
test-3205.png,YXFT
test-3206.png,XQXE5
test-3207.png,S6BXA5
test-3208.png,Q2
test-3209.png,8QFQ57
test-321.png,M8FETX
test-3210.png,HWQH55
test-3211.png,5B4Z5
test-3212.png,4WAXH
test-3213.png,WYT5Q
test-3214.png,Q2XZWQ
test-3215.png,BQBQ
test-3216.png,BQBWX
test-3217.png,2FWX
test-3218.png,WBQE5
test-3219.png,QBDM
test-322.png,FMM
test-3220.png,BQBQX
test-3221.png,B5BQD9
test-3222.png,M9ZBH
test-3223.png,T2ZH
test-3224.png,BCQ5W
test-3225.png,XHWH
test-3226.png,BWX5Z
test-3227.png,NBQBY5
test-3228.png,BF6B6Q
test-3229.png,NB5FQ5
test-323.png,QQFWH
test-3230.png,BYZ
test-3231.png,YHYQ2
test-3232.png,M6BWDX
test-3233.png,TQ24BM
test-3234.png,HCDQX5
test-3235.png,MQ2T
test-3236.png,Z28B29
test-3237.png,F9FD
test-3238.png,6QS9WHQ9
test-3239.png,WB6Q
test-324.png,AB2H
test-3240.png,WXWFD
test-3241.png,QQBCDA2
test-3242.png,QQ
test-3243.png,NBABYZ
test-3244.png,Q6M
test-3245.png,8DXWQ
test-3246.png,6A8D
test-3247.png,6MWK2M
test-3248.png,TZFH
test-3249.png,FY2XZM
test-325.png,6QXFD4
test-3250.png,FAF5W5
test-3251.png,6MQW
test-3252.png,X8Q9T
test-3253.png,DYXMWZ2
test-3254.png,BYBA8T
test-3255.png,Q56ZBCXZ
test-3256.png,HBWB2
test-3257.png,82AQXQ
test-3258.png,XFMWQM
test-3259.png,8BHAQ
test-326.png,NBQTWD85D
test-3260.png,MBX2XHD
test-3261.png,NBZD
test-3262.png,FH8TQ
test-3263.png,7X6DM
test-3264.png,QWHST8Z
test-3265.png,HABWB2
test-3266.png,A8QEXFD
test-3267.png,2YB5Q
test-3268.png,QHYXPH
test-3269.png,QQXB65
test-327.png,57FTBH
test-3270.png,MHMM
test-3271.png,BQH7
test-3272.png,Q4HD
test-3273.png,QXBWHB
test-3274.png,NQT5BQ
test-3275.png,QXWA5
test-3276.png,WBAD
test-3277.png,FWM658
test-3278.png,T7F2
test-3279.png,X67
test-328.png,BBT85
test-3280.png,QM5WQFD8
test-3281.png,MQMX
test-3282.png,9FWQT
test-3283.png,6BM2WXQ2
test-3284.png,MBQBXB8G
test-3285.png,MBEZ4H
test-3286.png,BAQCZ5
test-3287.png,5FWBX7
test-3288.png,BHCQB5
test-3289.png,FZYBZ2
test-329.png,MEWX5D
test-3290.png,WCBX
test-3291.png,2WHTQ
test-3292.png,QFZWT8
test-3293.png,MHWFQH
test-3294.png,HBM
test-3295.png,QMWFCD
test-3296.png,XH86H
test-3297.png,BAQ85X
test-3298.png,XM
test-3299.png,7MXDBZ
test-33.png,QHMXWM
test-330.png,MNHQ4
test-3300.png,55XW
test-3301.png,5BQ2AG
test-3302.png,7H7M
test-3303.png,FFAEZ
test-3304.png,HWX7
test-3305.png,HWBDM
test-3306.png,QWXM
test-3307.png,FZMWB
test-3308.png,MHM5M
test-3309.png,BXQ8M
test-331.png,HFQX5D
test-3310.png,MQXMP
test-3311.png,7TAD
test-3312.png,HABQ7
test-3313.png,WA8DA
test-3314.png,JFAE2AQ
test-3315.png,MWM7Q
test-3316.png,HB5
test-3317.png,QT2HBT
test-3318.png,BQWD5
test-3319.png,Q8QQ8T
test-332.png,T7BK5
test-3320.png,HBDW
test-3321.png,CYB52
test-3322.png,TBACQ5
test-3323.png,8A6QZX
test-3324.png,MPA2FH
test-3325.png,B2WB5
test-3326.png,ATQ8X
test-3327.png,QB62HM
test-3328.png,BYET5X
test-3329.png,QB6Q
test-333.png,AHABM
test-3330.png,QQX
test-3331.png,DX7
test-3332.png,6XQ
test-3333.png,FT5X4Z
test-3334.png,F5BX
test-3335.png,HWQXM
test-3336.png,MBFFM
test-3337.png,Q2AQX5
test-3338.png,HBFAQD
test-3339.png,HWQ6DW
test-334.png,ZQ6QWM
test-3340.png,QQMX5Q
test-3341.png,MF9WWH
test-3342.png,BWBX5
test-3343.png,8AHW
test-3344.png,ZQXP8
test-3345.png,BQ6FA5
test-3346.png,6B56FTSBS
test-3347.png,MM
test-3348.png,ZQZ2Z5
test-3349.png,H6T5
test-335.png,FABWCT5D
test-3350.png,82
test-3351.png,QP64
test-3352.png,6HWBQ5
test-3353.png,2Q46Q
test-3354.png,QW68H
test-3355.png,DA8XM
test-3356.png,X6BW8H
test-3357.png,WBMHE
test-3358.png,NBTDYQ
test-3359.png,FQMQ
test-336.png,MTQW8X
test-3360.png,BMXM
test-3361.png,MZ
test-3362.png,6XQX
test-3363.png,FDZ
test-3364.png,QTQ
test-3365.png,5SBWXD
test-3366.png,FWQ5H
test-3367.png,THTHQ
test-3368.png,MFMXQD
test-3369.png,MTFBY5
test-337.png,PMHWQXD
test-3370.png,NFA6Q8
test-3371.png,8TTBWH
test-3372.png,6SBCBQ
test-3373.png,MFQFQW
test-3374.png,HWEHXH
test-3375.png,8BQDQ
test-3376.png,WXFXW
test-3377.png,YHBD5
test-3378.png,2MX
test-3379.png,FMHDX
test-338.png,NBQ852T
test-3380.png,FWHX
test-3381.png,MXDMH
test-3382.png,BXFXQ
test-3383.png,MN5QX
test-3384.png,WQAX
test-3385.png,BFWQA8
test-3386.png,QB6DX2
test-3387.png,BXMWFG
test-3388.png,2AQ5XH
test-3389.png,DQBWQH
test-339.png,8HWX
test-3390.png,TFFBSB5
test-3391.png,BHMZ3M
test-3392.png,QH2WHX
test-3393.png,HT2FMPM
test-3394.png,FXQBMQ
test-3395.png,B5B2A2
test-3396.png,D4BN5M
test-3397.png,8MQX
test-3398.png,HABH5
test-3399.png,8XYZQM
test-34.png,Q68QXT
test-340.png,F5EH2H
test-3400.png,E9SB4Z
test-3401.png,XXH9XBAB5
test-3402.png,HXWQH
test-3403.png,B4BQX
test-3404.png,QFS2Z2QD
test-3405.png,FYT6Q5
test-3406.png,AHFZ
test-3407.png,BSTD
test-3408.png,WBN5W7
test-3409.png,FC6W7
test-341.png,FWB2X
test-3410.png,2XST
test-3411.png,65C5FZH
test-3412.png,9FHT7
test-3413.png,MHMHMW
test-3414.png,8DAE
test-3415.png,HWFT
test-3416.png,XMWHX
test-3417.png,82A5B6D
test-3418.png,NBDY
test-3419.png,M8FTX
test-342.png,BYF4FWH5
test-3420.png,WQ8TQ
test-3421.png,H8H6
test-3422.png,QZA5
test-3423.png,BFAB5
test-3424.png,ZWQ5WH
test-3425.png,HTDQ
test-3426.png,NB2WH5
test-3427.png,9BHMX
test-3428.png,8QQM75
test-3429.png,FWHM
test-343.png,Q6FX
test-3430.png,B2A5TQX
test-3431.png,QWH4
test-3432.png,FQBZH5H5
test-3433.png,F86HXBH
test-3434.png,9T
test-3435.png,WQF2W2
test-3436.png,QXZ5
test-3437.png,QD85B9H5
test-3438.png,2N85
test-3439.png,FM7M5D
test-344.png,ZSTF82
test-3440.png,6TBQT
test-3441.png,BWADHZ
test-3442.png,B8HXH
test-3443.png,XMHQ
test-3444.png,QYFTWHM
test-3445.png,8HXBY
test-3446.png,MQ9AFM5
test-3447.png,MHDBT
test-3448.png,TBSBH
test-3449.png,7WA2ZM
test-345.png,WFM8
test-3450.png,XQT2
test-3451.png,HNB2X5
test-3452.png,8TP
test-3453.png,BYB89XD
test-3454.png,TTFTM
test-3455.png,HWHDX
test-3456.png,7Z5ET
test-3457.png,HQHQ6
test-3458.png,WQB2X
test-3459.png,QTW8
test-346.png,TMX
test-3460.png,WBCBH
test-3461.png,WHXQZG
test-3462.png,H2AFD
test-3463.png,QHXM5F
test-3464.png,CZZ
test-3465.png,6ZZ
test-3466.png,A2XMX8
test-3467.png,QAQDH
test-3468.png,WHFE
test-3469.png,9BHX
test-347.png,DWBS6M
test-3470.png,QD4
test-3471.png,QQ8ET
test-3472.png,6BDQ9
test-3473.png,HBQ6
test-3474.png,BQBW5
test-3475.png,BA8DHZ
test-3476.png,Q5
test-3477.png,QFQ5QH
test-3478.png,BQB2MX8
test-3479.png,BZBM7
test-348.png,WXQH
test-3480.png,6XQ6Z
test-3481.png,WQHXQB
test-3482.png,A5WH
test-3483.png,Y7XTD
test-3484.png,QBYX5D
test-3485.png,BQBX
test-3486.png,FQCS7
test-3487.png,6BMHYB
test-3488.png,M7B745
test-3489.png,86BWQWX
test-349.png,MPWM
test-3490.png,X8F2WH
test-3491.png,QCQHM
test-3492.png,BMXBA
test-3493.png,BFQ5
test-3494.png,8F8TQF
test-3495.png,NBHW65
test-3496.png,QHBD
test-3497.png,QQADA5
test-3498.png,5Q2Q5
test-3499.png,WQHBD9
test-35.png,MHW7
test-350.png,W4AH
test-3500.png,XFNBA5
test-3501.png,QABQB5
test-3502.png,S52Q8Z
test-3503.png,WT5YQ
test-3504.png,85QXH
test-3505.png,T86WM
test-3506.png,HQHM
test-3507.png,9AEZW
test-3508.png,XTXTBH
test-3509.png,ABH5
test-351.png,HBX8
test-3510.png,FXA55
test-3511.png,QXQ58T
test-3512.png,72ZZM
test-3513.png,X8THW
test-3514.png,2W8HHWH
test-3515.png,FWXHZ
test-3516.png,AHBQH
test-3517.png,PH9HWM
test-3518.png,DQXTM
test-3519.png,QBHQXQ
test-352.png,9F4DWT
test-3520.png,XMPQ
test-3521.png,QTB65Q
test-3522.png,TA8QX
test-3523.png,XT2TMQ
test-3524.png,DFXWH
test-3525.png,6ZAXF
test-3526.png,QFTB25
test-3527.png,6Q9AHE
test-3528.png,MQNTDQ
test-3529.png,6T6WH
test-353.png,NHDXFC
test-3530.png,FB5BHD
test-3531.png,MQTW
test-3532.png,2YBQFZ
test-3533.png,BMXFZ
test-3534.png,TQBQ2
test-3535.png,PFWMBW
test-3536.png,QFQQDK8
test-3537.png,6MPWG
test-3538.png,WFQF
test-3539.png,QMKB
test-354.png,QQ2WQD
test-3540.png,8F4
test-3541.png,2CFMFQ
test-3542.png,7FWQDM
test-3543.png,WXFHWT
test-3544.png,ZWQM
test-3545.png,Q8B2QE
test-3546.png,65TT
test-3547.png,6CBWH8
test-3548.png,6QXQ
test-3549.png,WAQX
test-355.png,WDWQE
test-3550.png,BQY5XQ
test-3551.png,BH5Q
test-3552.png,BQB9H
test-3553.png,B2WQX
test-3554.png,MFHMX
test-3555.png,NBHQM
test-3556.png,8YT6TX
test-3557.png,85ZAD
test-3558.png,2HBH5
test-3559.png,YDA2X7
test-356.png,QTBWD
test-3560.png,CBA5
test-3561.png,7ADM
test-3562.png,BABDM
test-3563.png,HQXF9W7
test-3564.png,6YP6
test-3565.png,QC6BQFD
test-3566.png,QQWBQHM
test-3567.png,B8DM
test-3568.png,2XTT2M
test-3569.png,N8XWHBH
test-357.png,HQG
test-3570.png,BQT8W
test-3571.png,BQBM
test-3572.png,CEDB6B68D
test-3573.png,MZWA
test-3574.png,NB2HX
test-3575.png,7HWX
test-3576.png,82AHQX
test-3577.png,BSZYFQ
test-3578.png,2MWM
test-3579.png,FQ68FH
test-358.png,FWHQF
test-3580.png,BFHQS
test-3581.png,BBYA8
test-3582.png,HXT2QH
test-3583.png,6HWFH
test-3584.png,B6A8
test-3585.png,TBQTQ
test-3586.png,F56ZXH
test-3587.png,QQ
test-3588.png,HQ6QX
test-3589.png,MQMTQ
test-359.png,MQQQ
test-3590.png,SFQD
test-3591.png,8HWCFX8
test-3592.png,NBDQF8
test-3593.png,HX2M8
test-3594.png,CXQFQ
test-3595.png,62F9FW5
test-3596.png,BWDXP
test-3597.png,W2QBWZM
test-3598.png,78BX7
test-3599.png,WHB6W
test-36.png,WHQ6X
test-360.png,FB2YH
test-3600.png,DM4HWHD
test-3601.png,QQ9
test-3602.png,62HXWF
test-3603.png,BMW2WM
test-3604.png,F7DQ5
test-3605.png,T78ZZT
test-3606.png,QH6ZTH
test-3607.png,FXQ2
test-3608.png,QXQ2Q8T
test-3609.png,86FBFQ
test-361.png,WNFC8T
test-3610.png,Q2WQ8
test-3611.png,BWAQ
test-3612.png,W2X7HE
test-3613.png,QQWFAQ
test-3614.png,BQMZ5
test-3615.png,8QHXQ
test-3616.png,BM6BQX
test-3617.png,MMPYT
test-3618.png,WQXB5
test-3619.png,MPDWH
test-362.png,BM7A5
test-3620.png,BZWPF
test-3621.png,FQY8BQ
test-3622.png,F5Q9YZ5
test-3623.png,Q29MYE5
test-3624.png,2XBQ
test-3625.png,7HWA7
test-3626.png,XQXH
test-3627.png,2WD8Z
test-3628.png,MFVH
test-3629.png,QWBTBHT
test-363.png,FMBXM
test-3630.png,QAFC2QB5
test-3631.png,NFWA5
test-3632.png,MW7M
test-3633.png,ZWX5T
test-3634.png,QX249W
test-3635.png,BFTQ
test-3636.png,BQWQW
test-3637.png,H4
test-3638.png,9B22XE
test-3639.png,QTWQ4
test-364.png,NBWH
test-3640.png,FNB9MQZ
test-3641.png,8DAKTQ
test-3642.png,XDXM
test-3643.png,Q6BQD
test-3644.png,WQ895T
test-3645.png,XQX8T
test-3646.png,WDMX8
test-3647.png,TQ
test-3648.png,FXF7M
test-3649.png,WHBQH8
test-365.png,WQMGXZ
test-3650.png,QXWH
test-3651.png,BB4FWH
test-3652.png,XFYHZ5
test-3653.png,B6XMPF
test-3654.png,MHABABAF
test-3655.png,BTF28M
test-3656.png,QF6BQ56
test-3657.png,2Q52
test-3658.png,QWXMT5
test-3659.png,XFWQTQ
test-366.png,EW2WXD
test-3660.png,BQ5
test-3661.png,WDXFT
test-3662.png,MFXQ5Z
test-3663.png,NBTM
test-3664.png,6H6Z5
test-3665.png,ZBM5
test-3666.png,ABSFW2
test-3667.png,QPDW
test-3668.png,ABQF5Q
test-3669.png,QFDAQX
test-367.png,MQMVH
test-3670.png,QQMXTX
test-3671.png,FHT2WXQ
test-3672.png,FQQMX
test-3673.png,FMYBY7
test-3674.png,F6SAH
test-3675.png,XMTMX
test-3676.png,WQAH
test-3677.png,6FBFY
test-3678.png,FWQBD
test-3679.png,2SYBD5
test-368.png,BX72F27
test-3680.png,MHH
test-3681.png,5FQBX
test-3682.png,FQZQ8H
test-3683.png,2QWM
test-3684.png,Q8C2WHD
test-3685.png,QMWMT
test-3686.png,HXHX
test-3687.png,BS92FQD
test-3688.png,WX7AQ
test-3689.png,WH
test-369.png,2HXB2
test-3690.png,7MPM
test-3691.png,QBA5E
test-3692.png,DQDW5
test-3693.png,MWKBD
test-3694.png,HDHC
test-3695.png,6BF6B
test-3696.png,82M7
test-3697.png,Q294Z7
test-3698.png,2AEQ45
test-3699.png,BABQ4H
test-37.png,WQ5
test-370.png,QW5QH9
test-3700.png,8MXQ
test-3701.png,858QM
test-3702.png,S8XFBM
test-3703.png,DQM5
test-3704.png,QQCEH
test-3705.png,NDABY
test-3706.png,YT68Q
test-3707.png,MX7MW
test-3708.png,QF5H
test-3709.png,6BH24H
test-371.png,HTQXQ
test-3710.png,82W2W
test-3711.png,EQWDH
test-3712.png,Q5W
test-3713.png,THM
test-3714.png,B2AZ85
test-3715.png,C6XYP
test-3716.png,2BAB5Z
test-3717.png,B5DAHW5
test-3718.png,B8XQ2
test-3719.png,WBW6Q88
test-372.png,FQ5DWH
test-3720.png,MXQ
test-3721.png,BADH
test-3722.png,MXD
test-3723.png,THQ94H
test-3724.png,QQT8X6
test-3725.png,QF2DA
test-3726.png,BADW5
test-3727.png,QTQT
test-3728.png,8XMFG
test-3729.png,BQTBX5
test-373.png,WH8D
test-3730.png,BD
test-3731.png,N3ZQ8
test-3732.png,28ZQM
test-3733.png,XQWDH
test-3734.png,HWHQMX
test-3735.png,FA7BTQ
test-3736.png,62AHYP
test-3737.png,B8D424H
test-3738.png,FD2FY54
test-3739.png,ZWBX
test-374.png,6B9Q
test-3740.png,FQHABA5
test-3741.png,T59A
test-3742.png,6Z5
test-3743.png,Q2BABQ
test-3744.png,2AQAQ
test-3745.png,BASZ9QD
test-3746.png,8WEWCD
test-3747.png,7AWQ7
test-3748.png,QXG5
test-3749.png,BC8DZT
test-375.png,FW85ZW7
test-3750.png,BABYBH
test-3751.png,MTHM
test-3752.png,2A852
test-3753.png,XQ
test-3754.png,MX
test-3755.png,FMW
test-3756.png,9TWX
test-3757.png,WB5
test-3758.png,H2M2
test-3759.png,NDYXBQ
test-376.png,BWBD
test-3760.png,QFA7
test-3761.png,9YBQM
test-3762.png,X
test-3763.png,MQHXWM
test-3764.png,ADCB2H
test-3765.png,M5YBKZ
test-3766.png,HB5WMQ
test-3767.png,8BHBDWM
test-3768.png,MW8HQDH
test-3769.png,QAQ2Q5Q4
test-377.png,QXDBY5
test-3770.png,8F4T5
test-3771.png,6BDQ52
test-3772.png,A9E
test-3773.png,ZFW57
test-3774.png,9B9WD
test-3775.png,QMDYQ
test-3776.png,QM6DXQ
test-3777.png,B24FX
test-3778.png,5QA4
test-3779.png,TQWQVB5T
test-378.png,QWQ75
test-3780.png,FS2H5D
test-3781.png,QMWX2MX
test-3782.png,692FH
test-3783.png,DMT75
test-3784.png,HXZH
test-3785.png,82Q24TM
test-3786.png,M4T
test-3787.png,8BWHQWX
test-3788.png,6HQ
test-3789.png,QAF4
test-379.png,TA2A
test-3790.png,652ZQD
test-3791.png,HYTDMY
test-3792.png,FASBQ7
test-3793.png,WQBDV
test-3794.png,B2QA5D
test-3795.png,Q2BKE
test-3796.png,YBXQDQ
test-3797.png,BWHMM
test-3798.png,QQM
test-3799.png,XQDQ8D
test-38.png,BABXQX
test-380.png,QQFWHX
test-3800.png,DS2X52Z
test-3801.png,HQXA2
test-3802.png,ABHWX
test-3803.png,HBM7
test-3804.png,FB5BA5
test-3805.png,QWXWD
test-3806.png,MWQX7
test-3807.png,B6XQH
test-3808.png,XQH2W
test-3809.png,WBHT
test-381.png,M8WHT6Q
test-3810.png,XQXQ5
test-3811.png,BMWHQ
test-3812.png,QYFM
test-3813.png,WFQF5
test-3814.png,ZHWMDF
test-3815.png,QBPV5
test-3816.png,PWXBM
test-3817.png,YXT52M
test-3818.png,ABDH
test-3819.png,WHBM
test-382.png,XBS2E
test-3820.png,HADHH
test-3821.png,WH
test-3822.png,H7HQF
test-3823.png,QCB52Z
test-3824.png,SF5WQ5
test-3825.png,HMFM
test-3826.png,MHWF92
test-3827.png,M85H
test-3828.png,MPW2M
test-3829.png,WBQF
test-383.png,BDQ9ZQ
test-3830.png,BMH
test-3831.png,QFB5X
test-3832.png,TMX
test-3833.png,CZH2H
test-3834.png,BFFYBA
test-3835.png,XQWHP
test-3836.png,QFFT2WD
test-3837.png,2QHAE
test-3838.png,FMHQWQ5
test-3839.png,BAT2H
test-384.png,WQW6HZ
test-3840.png,8AQBW
test-3841.png,XDAQM7
test-3842.png,BWHXXZ
test-3843.png,624BHA
test-3844.png,8ATTQA
test-3845.png,Y8QH4ZH
test-3846.png,XBG
test-3847.png,QYBQH2
test-3848.png,DAH8
test-3849.png,QBFM
test-385.png,MB6Q5Z
test-3850.png,WQ
test-3851.png,HQ5QBH
test-3852.png,B89EH
test-3853.png,FMH7
test-3854.png,XBBFMTM
test-3855.png,QPQF
test-3856.png,Q59FWFH
test-3857.png,QSBZ
test-3858.png,BHWMPQ
test-3859.png,H6QD6
test-386.png,6DMQ9HM
test-3860.png,Q2Q2
test-3861.png,HXF5
test-3862.png,Q5FTBQD
test-3863.png,QQXQWX
test-3864.png,WHHBHWH
test-3865.png,F8DYX
test-3866.png,XQWJT5
test-3867.png,WBA
test-3868.png,AHB6D
test-3869.png,7BW6BZ
test-387.png,WQ6
test-3870.png,HFWHM
test-3871.png,ABA2M5
test-3872.png,MQ2WD
test-3873.png,AC9BWX
test-3874.png,MXCQH
test-3875.png,WQFMZ
test-3876.png,XHQ
test-3877.png,QX2X7
test-3878.png,MZMFXM
test-3879.png,WHUXT
test-388.png,QS65WQ
test-3880.png,A8DQH
test-3881.png,W25
test-3882.png,MMWX9
test-3883.png,BXQDQ
test-3884.png,B2WFX8
test-3885.png,FMQHMW7
test-3886.png,QX85Q
test-3887.png,QMXFM
test-3888.png,Q6YAHD
test-3889.png,8X2ABSBD
test-389.png,MPXFWHQ
test-3890.png,QQ
test-3891.png,F2WXT7
test-3892.png,6F2WM7
test-3893.png,P6STQ2
test-3894.png,XQPHDXAP
test-3895.png,7XQ
test-3896.png,Q59MW57
test-3897.png,FTQHX
test-3898.png,XZ
test-3899.png,S4BQHZ
test-39.png,6A24EWM
test-390.png,F6BQX
test-3900.png,8B2M
test-3901.png,QAB5Z
test-3902.png,HAS
test-3903.png,SQ6
test-3904.png,FYXT
test-3905.png,QMHXH52
test-3906.png,6FAD
test-3907.png,HWSFW
test-3908.png,WX86Z
test-3909.png,T5BA685
test-391.png,94WM
test-3910.png,Q2X5Q
test-3911.png,QMFMXP
test-3912.png,BT5F
test-3913.png,A8SB7X
test-3914.png,QTHQ
test-3915.png,2XQ
test-3916.png,2MFZMW
test-3917.png,BQWYW
test-3918.png,2QBMD
test-3919.png,QXQTEH
test-392.png,A5HMD
test-3920.png,XQT5M
test-3921.png,SCB2FQE5
test-3922.png,BHXM5
test-3923.png,FM5WZ
test-3924.png,YF9W5
test-3925.png,TXBTEABQ5
test-3926.png,AQTH4D
test-3927.png,MWAXM
test-3928.png,H5M
test-3929.png,F8F8
test-393.png,BCFYE
test-3930.png,QMMH
test-3931.png,BPHMMH
test-3932.png,TF2HXEA
test-3933.png,2YH
test-3934.png,QBWQ
test-3935.png,XTNTW2
test-3936.png,MHH4B2
test-3937.png,86QW
test-3938.png,2XQ4QX
test-3939.png,WA5
test-394.png,TZ
test-3940.png,QXH
test-3941.png,BQHDH
test-3942.png,FBAFD
test-3943.png,W2AS
test-3944.png,H8FWH
test-3945.png,Q
test-3946.png,947
test-3947.png,2QBF5
test-3948.png,FQFASFTM
test-3949.png,FBQ52
test-395.png,S6QWN5
test-3950.png,EBX4
test-3951.png,QTMHX
test-3952.png,HFXT7
test-3953.png,DYZ6
test-3954.png,X87QFQT5
test-3955.png,F8F2CBQ
test-3956.png,HA39F5QH
test-3957.png,MXQHM
test-3958.png,CBHB8
test-3959.png,QB5QM
test-396.png,C27
test-3960.png,BDWHP
test-3961.png,TBFDABA5
test-3962.png,B65Q
test-3963.png,7MWXQC
test-3964.png,Q2A5
test-3965.png,MHMWDW
test-3966.png,TQPM
test-3967.png,BQ6CSG
test-3968.png,2FUBW
test-3969.png,CAB85
test-397.png,FWHM
test-3970.png,TB8FDX
test-3971.png,Q8QBWXQD
test-3972.png,7MWXWXT
test-3973.png,BQ5BSQ565
test-3974.png,W2MA5
test-3975.png,HDQFW5
test-3976.png,89B2TMX
test-3977.png,2XBQX
test-3978.png,6AFTX
test-3979.png,C8B6XAS6E8
test-398.png,2MT
test-3980.png,78TXQ
test-3981.png,855B285
test-3982.png,2FTFH
test-3983.png,DYTDXE
test-3984.png,ABY6
test-3985.png,MA2ABH
test-3986.png,BFYAF5M
test-3987.png,BYB65
test-3988.png,2WB2
test-3989.png,M
test-399.png,QBQSQFQ
test-3990.png,5QQXAH
test-3991.png,FQABW
test-3992.png,QX
test-3993.png,MWQ7Z5
test-3994.png,TQWM
test-3995.png,XH85
test-3996.png,QBXFQ
test-3997.png,QDHZT
test-3998.png,MP
test-3999.png,2FAX5Z
test-4.png,YFME2
test-40.png,Q59SZ
test-400.png,QXQWQD
test-4000.png,8T6B65
test-4001.png,BXQ2
test-4002.png,FDAH
test-4003.png,YQHQZ
test-4004.png,QYQ72
test-4005.png,Q52ZZH
test-4006.png,YWXPA
test-4007.png,ZCBMW8
test-4008.png,NFQD
test-4009.png,XQWEWD
test-401.png,8AH4
test-4010.png,M7
test-4011.png,6X5XWX7
test-4012.png,ET2X8
test-4013.png,AFWE7
test-4014.png,A6AH6M
test-4015.png,WHBW
test-4016.png,WYBHQ
test-4017.png,2AZX
test-4018.png,H5G
test-4019.png,WMXF6
test-402.png,S5WFT5
test-4020.png,HSTX
test-4021.png,MHSQTD
test-4022.png,6FZ2XZ
test-4023.png,852TZQ
test-4024.png,CB6QG
test-4025.png,T5NBCQ
test-4026.png,MBXB59
test-4027.png,FW2QH5
test-4028.png,BTQWD
test-4029.png,F5M
test-403.png,CFYT5
test-4030.png,ABQBD
test-4031.png,X2Y8B5
test-4032.png,B6B5Z5Z
test-4033.png,7YTQT
test-4034.png,QWM8W8
test-4035.png,WABXH
test-4036.png,NFXH
test-4037.png,28FEZ2
test-4038.png,QMWXB5E7E
test-4039.png,2TXWX
test-404.png,HQB8
test-4040.png,HQ54Z
test-4041.png,HA2XFX
test-4042.png,FHAQ8Z
test-4043.png,2A5Q
test-4044.png,QCH
test-4045.png,FABMX
test-4046.png,QA59WQ
test-4047.png,FZAB25
test-4048.png,BSB5
test-4049.png,SBXETX
test-405.png,ZYZA
test-4050.png,QXMQ
test-4051.png,ZA2B5T5
test-4052.png,WQ5QH
test-4053.png,MQMD
test-4054.png,Z2CBMX
test-4055.png,BZ9Z52
test-4056.png,MQH2WH
test-4057.png,QXDYH8
test-4058.png,8B26QX
test-4059.png,X6WYH5E5
test-406.png,B5BQBQ
test-4060.png,MFWD
test-4061.png,Q9W7
test-4062.png,QWHKB8
test-4063.png,MHBAHM
test-4064.png,6F8BH
test-4065.png,HCB5Q5
test-4066.png,AFH
test-4067.png,QT6XQ
test-4068.png,E2XWEH9
test-4069.png,MHDQHG
test-407.png,TQF5
test-4070.png,PBQB
test-4071.png,FM5MXMH
test-4072.png,XFYQB5
test-4073.png,CB2F2
test-4074.png,TTBWQ7
test-4075.png,T8SQT6Q
test-4076.png,YZDE7
test-4077.png,AHWQA
test-4078.png,2AQ9C
test-4079.png,DHMWHQ
test-408.png,QF62BHMD
test-4080.png,QHX8QW
test-4081.png,BT8B2HD8
test-4082.png,HWM
test-4083.png,TBWT7
test-4084.png,NB6Q6D
test-4085.png,XAPMABC
test-4086.png,BQBWX
test-4087.png,TBTQX
test-4088.png,QWHQ
test-4089.png,XN86C
test-409.png,WQTBH
test-4090.png,H5FQ
test-4091.png,Q72
test-4092.png,XABAZ
test-4093.png,MWH4
test-4094.png,ABEBF2FH
test-4095.png,7TMWD
test-4096.png,SF42Z
test-4097.png,QZ5
test-4098.png,HQXPM
test-4099.png,MWMAT
test-41.png,C62ABD
test-410.png,A2WXQ
test-4100.png,QFG
test-4101.png,YFQTZ8
test-4102.png,QQYHD
test-4103.png,BXQ85
test-4104.png,XBQX2
test-4105.png,5SEHFT
test-4106.png,X8EWX5
test-4107.png,WQF2
test-4108.png,XQX
test-4109.png,QQBW2
test-411.png,6F8XZ
test-4110.png,6HWM
test-4111.png,8B85H
test-4112.png,ABTSQ
test-4113.png,WYBWHM
test-4114.png,QBWXH
test-4115.png,2BQH
test-4116.png,M6HM7M
test-4117.png,BDQDQW
test-4118.png,AQABQ
test-4119.png,TSFX5D
test-412.png,5S2F5
test-4120.png,BTYWHE
test-4121.png,HAB2H4
test-4122.png,BS52X
test-4123.png,H8HBDT
test-4124.png,TFYX8
test-4125.png,XPWX7
test-4126.png,BXFKT
test-4127.png,WHZY5
test-4128.png,QFQ8
test-4129.png,6BAXH
test-413.png,CBQ8SZ
test-4130.png,6M
test-4131.png,Q2BFXH
test-4132.png,MQWD45
test-4133.png,BAQ8TQ
test-4134.png,BYW6DX
test-4135.png,MPQQDX
test-4136.png,WPMWE
test-4137.png,6594FBQ
test-4138.png,2W5
test-4139.png,XWB57
test-414.png,Q52W
test-4140.png,WB2XWQ
test-4141.png,X84WXT
test-4142.png,XXBYEZ
test-4143.png,QHXFBX7
test-4144.png,QFAY8
test-4145.png,Q6BWFX
test-4146.png,QYBQF5
test-4147.png,TD2XM
test-4148.png,FQ6QQS7
test-4149.png,BQBHZ
test-415.png,Q8FTM
test-4150.png,D65TZ
test-4151.png,85BTQ
test-4152.png,MXMB7XZ
test-4153.png,QFN65
test-4154.png,7BDM
test-4155.png,Q82Q6FM
test-4156.png,QX9MG
test-4157.png,FBQZTM
test-4158.png,M5X7M
test-4159.png,MH8FM
test-416.png,H2HEF2D
test-4160.png,6QX7
test-4161.png,HMWQ
test-4162.png,YFY7M7
test-4163.png,HQBY5
test-4164.png,F6XMWXM
test-4165.png,F2F2X
test-4166.png,QWA5
test-4167.png,B65TQ
test-4168.png,BYBWDX
test-4169.png,WHWH
test-417.png,FZ2DM
test-4170.png,HWXWM
test-4171.png,WMTHX8
test-4172.png,BHQFQH
test-4173.png,MHHAP
test-4174.png,HQMNBWH
test-4175.png,8WXX2
test-4176.png,YWBDH
test-4177.png,SB25Z5
test-4178.png,B6QZ
test-4179.png,MX7T5Z
test-418.png,B2QH
test-4180.png,BAH8
test-4181.png,XXFYZEH
test-4182.png,B8B2
test-4183.png,FFHAZ5
test-4184.png,QXF6M
test-4185.png,6Q2DCX8
test-4186.png,MQMQ7
test-4187.png,68TWQ
test-4188.png,QBQ89FHZ
test-4189.png,MDWXH
test-419.png,XM
test-4190.png,DQXF
test-4191.png,QMTHM
test-4192.png,2WMH
test-4193.png,H4ETXQ
test-4194.png,ZA2XD5
test-4195.png,EFMWD
test-4196.png,X89HWHX
test-4197.png,5BHQF7
test-4198.png,T7AQTT
test-4199.png,QHA8T
test-42.png,HXQ64
test-420.png,8DQXM
test-4200.png,MYWX7
test-4201.png,BA5HBYQ
test-4202.png,HWC2Z
test-4203.png,ABDAB
test-4204.png,76QM
test-4205.png,FAH2
test-4206.png,XAF6
test-4207.png,F2X2
test-4208.png,7HWQHM
test-4209.png,QB6B9B9Z
test-421.png,BA58Z2X
test-4210.png,NHYDXM
test-4211.png,FDYQG
test-4212.png,HQ5Q5Q
test-4213.png,HHSWQH
test-4214.png,MHHX6T
test-4215.png,FQTH
test-4216.png,FMHWBM
test-4217.png,E2X58
test-4218.png,XFWQ
test-4219.png,XWHB6
test-422.png,BQ55
test-4220.png,ABY2HE
test-4221.png,MQHDX
test-4222.png,BQ4BQ
test-4223.png,24B562
test-4224.png,8B2FEH
test-4225.png,XMWBA9
test-4226.png,STDA24
test-4227.png,BAQ5Q
test-4228.png,H6AH
test-4229.png,WH2XQ
test-423.png,2QXT8T
test-4230.png,BTNBX
test-4231.png,78Q5
test-4232.png,M7AX4
test-4233.png,NBHWHWHM
test-4234.png,HQ9HXWH
test-4235.png,8FTBWQ5
test-4236.png,5B2XZMH
test-4237.png,Q2WM5
test-4238.png,S68A
test-4239.png,WHF5M
test-424.png,Q2QXV
test-4240.png,BPWXH
test-4241.png,YWQD
test-4242.png,QBXQM
test-4243.png,QFX8
test-4244.png,NDMFW
test-4245.png,WBHAX
test-4246.png,7Q2
test-4247.png,AHA8C2
test-4248.png,BMABM
test-4249.png,QXQ5D
test-425.png,AB6BA
test-4250.png,HQD4W
test-4251.png,6QH86
test-4252.png,B2QTSDH
test-4253.png,WXBMP
test-4254.png,QYF5
test-4255.png,Q3AQ5
test-4256.png,HQABX
test-4257.png,Q5TFT5
test-4258.png,BAQ6Z
test-4259.png,SBX7
test-426.png,MW2HZT
test-4260.png,BCSAB5
test-4261.png,MHD9
test-4262.png,QF6HAX
test-4263.png,QXBW5
test-4264.png,BHXQH
test-4265.png,HBXT85
test-4266.png,B6BX8
test-4267.png,CBQH5
test-4268.png,82W4
test-4269.png,TFQ49Z
test-427.png,8BHBQH
test-4270.png,HQ6D
test-4271.png,6T6X5Z
test-4272.png,QHTBWAH
test-4273.png,PXQM
test-4274.png,68BFZ4Q
test-4275.png,Z2Z2BJBZ
test-4276.png,WHQH5
test-4277.png,ED6FWQ
test-4278.png,65TQ5
test-4279.png,MQWX
test-428.png,HF56ZD
test-4280.png,X2YZWZ
test-4281.png,BQ6B5
test-4282.png,HBDH
test-4283.png,BYBQD
test-4284.png,6B2A2X
test-4285.png,HBD6
test-4286.png,FFH65X
test-4287.png,WHAFHQ
test-4288.png,Q64AD
test-4289.png,MT6
test-429.png,Q6QM
test-4290.png,TAQFQ7
test-4291.png,QFMMWB
test-4292.png,B2HAHQD
test-4293.png,65689Z
test-4294.png,X5D2
test-4295.png,S5YB2Q
test-4296.png,SQ2HT
test-4297.png,2Q2YZ
test-4298.png,ABF6AQ
test-4299.png,H8BA2
test-43.png,NBYBHD
test-430.png,H62WT
test-4300.png,B6Q5
test-4301.png,6FQ5T8
test-4302.png,Q2
test-4303.png,TBTH7T
test-4304.png,HBQBQD5
test-4305.png,HDQ6QM
test-4306.png,6BDQXM
test-4307.png,MXMQH
test-4308.png,B8X
test-4309.png,QHWBM5
test-431.png,8ZW6Q
test-4310.png,QFT6Z
test-4311.png,6QWMWM
test-4312.png,HNBWQ
test-4313.png,25G
test-4314.png,HQDYP
test-4315.png,QNFQQ
test-4316.png,EWHWX
test-4317.png,HBDM
test-4318.png,QQH57
test-4319.png,BFHB2
test-432.png,2WNBQ
test-4320.png,QMYQFBQ
test-4321.png,QAQBP
test-4322.png,T6H7HD
test-4323.png,WFH7
test-4324.png,4HWT
test-4325.png,PMQX2
test-4326.png,AH2Y8F79
test-4327.png,XFN8
test-4328.png,WXH
test-4329.png,HM8MM
test-433.png,FQXWDQ
test-4330.png,Q82TQM
test-4331.png,ZB6W6X
test-4332.png,A2X5Z
test-4333.png,T52HM7
test-4334.png,2XFXQ
test-4335.png,TFCQDT5
test-4336.png,8BMAP
test-4337.png,BQFE45
test-4338.png,XQTQ
test-4339.png,QZ2TBM
test-434.png,75FT85T
test-4340.png,XQ8MM
test-4341.png,HQB4B5
test-4342.png,5YFAQ
test-4343.png,ABWADH
test-4344.png,9FQ5
test-4345.png,5DQMP
test-4346.png,FQFZH
test-4347.png,7HQX
test-4348.png,MBX6E
test-4349.png,HX7CX
test-435.png,FD2MP
test-4350.png,2A2Y8Q
test-4351.png,69ST
test-4352.png,8B2WX
test-4353.png,B2MQ5
test-4354.png,MHQ
test-4355.png,H5QHH
test-4356.png,PHDXM
test-4357.png,MHFQBHA5
test-4358.png,CBYQDTD
test-4359.png,7MFWXF5Q
test-436.png,HBQB64
test-4360.png,THBT5
test-4361.png,WQ2WHT
test-4362.png,B2MDXZ
test-4363.png,DWQHZ5
test-4364.png,BWZXP
test-4365.png,BA2YXBQ
test-4366.png,BXMFX7
test-4367.png,X2M
test-4368.png,2WH
test-4369.png,QFMMWM
test-437.png,QQZTZD
test-4370.png,646XH
test-4371.png,2Q5M
test-4372.png,QMQPY
test-4373.png,HFM
test-4374.png,WDADQ
test-4375.png,WQXNB8
test-4376.png,QMWM
test-4377.png,QMX8H
test-4378.png,MFMMTM
test-4379.png,XTQXM
test-438.png,A5A852
test-4380.png,X2XTQ84
test-4381.png,Q4DXM
test-4382.png,QBXQT
test-4383.png,MWQCT
test-4384.png,Q8BHMX
test-4385.png,MXFY8
test-4386.png,BMH5X
test-4387.png,FTBWZ5
test-4388.png,BAHB5
test-4389.png,WYTBYX
test-439.png,M5DZWA5
test-4390.png,HWH6
test-4391.png,2XE5
test-4392.png,HQF5Z
test-4393.png,Q8QBTFD
test-4394.png,84H4
test-4395.png,FMXWH
test-4396.png,NBWA8
test-4397.png,6FH57
test-4398.png,M6XH
test-4399.png,FAQ9FCD
test-44.png,HWXHM
test-440.png,C6B68
test-4400.png,FAQFXM
test-4401.png,94BH
test-4402.png,QBFQ
test-4403.png,D4XZT7
test-4404.png,HST6QC
test-4405.png,BWBA6Z
test-4406.png,92YH4
test-4407.png,AB6HD
test-4408.png,AB89TQ
test-4409.png,B2QA
test-441.png,FHXFW7HX5
test-4410.png,BMW8PY
test-4411.png,HBAQADX
test-4412.png,7QQHXD
test-4413.png,6XXZM
test-4414.png,H6BM
test-4415.png,Z55
test-4416.png,X9WH
test-4417.png,PQ8H
test-4418.png,QXQX
test-4419.png,F6MTZM
test-442.png,F2QFW
test-4420.png,8QB2FX4
test-4421.png,ZADH8
test-4422.png,XQXT
test-4423.png,MDMM8M
test-4424.png,MNFXTH
test-4425.png,T52QH
test-4426.png,MWH
test-4427.png,F8BQX
test-4428.png,E24
test-4429.png,N8QQ
test-443.png,FQBQYH
test-4430.png,HWBQF5
test-4431.png,BC8WH
test-4432.png,FAFQ6X
test-4433.png,F6B
test-4434.png,WH86
test-4435.png,XMF7
test-4436.png,ZTFH5
test-4437.png,BYWBA5
test-4438.png,QA5Q8
test-4439.png,HXQX5D
test-444.png,HT8WG
test-4440.png,MBCQB
test-4441.png,H2T6QP
test-4442.png,QXMHM
test-4443.png,8YTXT2MH
test-4444.png,BAWDQ8
test-4445.png,WBABQH
test-4446.png,2MXMX
test-4447.png,MXQH65
test-4448.png,DQB5Q
test-4449.png,BFTM
test-445.png,YFHW
test-4450.png,HQT5QB
test-4451.png,B6BS75
test-4452.png,TF8QMQ
test-4453.png,TQBD
test-4454.png,CTQW
test-4455.png,FYFAD
test-4456.png,MBCB5
test-4457.png,MPHQ
test-4458.png,Q59T2X
test-4459.png,XTQ2X
test-446.png,WHWM
test-4460.png,CZ5
test-4461.png,CQ526FWM
test-4462.png,MQH
test-4463.png,M8SQX2
test-4464.png,Q26BH
test-4465.png,QX4ZQ
test-4466.png,SQ5B4D
test-4467.png,MXQTQ
test-4468.png,FHDAD
test-4469.png,BQAB8
test-447.png,BC85D6Z
test-4470.png,TBQCFT
test-4471.png,BFA5
test-4472.png,QAT
test-4473.png,BAXF2
test-4474.png,A86Q
test-4475.png,HFWHA
test-4476.png,QF4
test-4477.png,BFA5DW
test-4478.png,WQFM
test-4479.png,2BA5
test-448.png,AHAH5Z
test-4480.png,MYZ5
test-4481.png,QQ26Q8
test-4482.png,HHBM
test-4483.png,QFYQ2
test-4484.png,FMXBY
test-4485.png,HB2B
test-4486.png,2QC65X
test-4487.png,Q6A5GD
test-4488.png,8FXM
test-4489.png,WPQ6HQX
test-449.png,7FCZTH
test-4490.png,CSHQZD
test-4491.png,MTCTBM
test-4492.png,XQ6
test-4493.png,HMMTQX
test-4494.png,HWX8B8
test-4495.png,WQM
test-4496.png,ZCBQWQ
test-4497.png,QXDM
test-4498.png,X7QX
test-4499.png,Z8BQM
test-45.png,ATB6G7
test-450.png,SFQ2WBZ
test-4500.png,Q5BQ45
test-4501.png,QXA5
test-4502.png,PHWHWT
test-4503.png,XHFMZ
test-4504.png,HFQBP
test-4505.png,ZHAP
test-4506.png,BMDY
test-4507.png,MHH
test-4508.png,N2QFQX
test-4509.png,WKBX
test-451.png,MFXFK5
test-4510.png,F2Z2A5
test-4511.png,X5XZ
test-4512.png,QMTQSK5
test-4513.png,HQ6BQM
test-4514.png,YBXHQ
test-4515.png,6525T6
test-4516.png,ABTF2
test-4517.png,BM2XA
test-4518.png,X
test-4519.png,DQ9HDWH
test-452.png,SBX5A
test-4520.png,6QWHFHW5
test-4521.png,Q85HF4QE
test-4522.png,MWTX
test-4523.png,XQBQ
test-4524.png,MHM
test-4525.png,B2Q8T
test-4526.png,8Q6E
test-4527.png,MWM8MZ
test-4528.png,ZA6BQ
test-4529.png,8DWQFM
test-453.png,Q2FWS7
test-4530.png,HBQ
test-4531.png,QBDAH
test-4532.png,MW6SZ
test-4533.png,BWBAQX
test-4534.png,YBTWQ
test-4535.png,YH
test-4536.png,QC9X5
test-4537.png,8BABQM
test-4538.png,AH6H4
test-4539.png,NFH
test-454.png,QQMWM
test-4540.png,7XMWHZ5
test-4541.png,YD65
test-4542.png,8Q2M5Q
test-4543.png,MBYPM
test-4544.png,F8QBQZ5
test-4545.png,MQWFDX5
test-4546.png,XFWBY
test-4547.png,QB8QW
test-4548.png,AH55A2
test-4549.png,XHWQ
test-455.png,QFMPG
test-4550.png,WB2WQ8
test-4551.png,7QBYD
test-4552.png,BHF54
test-4553.png,FBWH
test-4554.png,W2MXQH
test-4555.png,2FEM
test-4556.png,XBMTDX
test-4557.png,QBAQD
test-4558.png,FWHX855
test-4559.png,MHBHD6X5
test-456.png,MPFWN6M
test-4560.png,HBAQH
test-4561.png,6QH
test-4562.png,XABQM
test-4563.png,QHDTPX
test-4564.png,MQDFH
test-4565.png,SQFAFX
test-4566.png,8M
test-4567.png,FC8CQ4T8
test-4568.png,HB2XBM
test-4569.png,BMTHM
test-457.png,FMMHDX
test-4570.png,HYFH5
test-4571.png,FMXTM
test-4572.png,WMX7
test-4573.png,7A8Q
test-4574.png,BM84HA85
test-4575.png,DXXQW
test-4576.png,6XQW2HT
test-4577.png,FWHM
test-4578.png,HFWWHF
test-4579.png,Q9MHXM
test-458.png,S2XW5G
test-4580.png,WHZWM
test-4581.png,NB6WXQ
test-4582.png,Q2XFYQ8
test-4583.png,ZB6BPM
test-4584.png,QXQFTHM
test-4585.png,XH2YQ
test-4586.png,B6BA82
test-4587.png,WAB5
test-4588.png,8FBWM
test-4589.png,2WQX
test-459.png,65SHT
test-4590.png,5FCS2Z2
test-4591.png,66QP5
test-4592.png,TB2WP
test-4593.png,BNBX8T
test-4594.png,HQWHX
test-4595.png,W2M
test-4596.png,BAABY5
test-4597.png,MQ2M
test-4598.png,2AT6M
test-4599.png,DXWQNTM
test-46.png,QPQHW
test-460.png,FC6F5
test-4600.png,QTMQM
test-4601.png,WABWHQ
test-4602.png,QQ
test-4603.png,B6QF4
test-4604.png,QBD6H
test-4605.png,8C29AZ
test-4606.png,BQWM
test-4607.png,FC9B4
test-4608.png,XDQ5
test-4609.png,QNHWH
test-461.png,MX
test-4610.png,BYBBHD
test-4611.png,D9B2D45
test-4612.png,BYFXC2
test-4613.png,HB895YQ5
test-4614.png,BQ6TDQ9
test-4615.png,QHFH
test-4616.png,MZHWQX
test-4617.png,MFMWPX
test-4618.png,T6XWM
test-4619.png,QBEHW4
test-462.png,BH2T
test-4620.png,QMDM
test-4621.png,TXQ2X5
test-4622.png,M8FM7Q
test-4623.png,TBW8A
test-4624.png,A524
test-4625.png,SQ6MXZ
test-4626.png,BWMHWHT
test-4627.png,9D6M
test-4628.png,HH2YX5
test-4629.png,QMXM
test-463.png,T8TZT8Z
test-4630.png,TBATHAQ2
test-4631.png,MW2M56H
test-4632.png,QXQ5T
test-4633.png,DXWX58
test-4634.png,5BQ69
test-4635.png,HWDQ
test-4636.png,F5FG
test-4637.png,BYABWXP
test-4638.png,QMQ8ZF2
test-4639.png,8MXX
test-464.png,ZDQ5QDZ
test-4640.png,XQ8Q5
test-4641.png,2895Q
test-4642.png,QHQWQX
test-4643.png,QDXHX
test-4644.png,BA8Y7Q
test-4645.png,SC2XN8
test-4646.png,FQWH
test-4647.png,MH5M
test-4648.png,B8AHE
test-4649.png,X59H5
test-465.png,NBQT8Q
test-4650.png,X52T
test-4651.png,MHM5MT8
test-4652.png,FQFDXQ
test-4653.png,SMDHM
test-4654.png,BZBZ5
test-4655.png,HBQB
test-4656.png,SFWQB
test-4657.png,8DHWM
test-4658.png,B2HXWXE
test-4659.png,Q2QDC65
test-466.png,6MW5
test-4660.png,BYF85D
test-4661.png,BA56Z2
test-4662.png,HWHQH
test-4663.png,MZC8Z
test-4664.png,MXZ
test-4665.png,N76T85
test-4666.png,W3QX
test-4667.png,FSA659
test-4668.png,TZ2A
test-4669.png,FHA85
test-467.png,NBDQ8T
test-4670.png,2MQ
test-4671.png,QX
test-4672.png,BZWZ5
test-4673.png,2QMH5
test-4674.png,NFQ
test-4675.png,DQAXD
test-4676.png,HX8BW
test-4677.png,H65BQ
test-4678.png,QAXFH
test-4679.png,S62T5
test-468.png,T5CE5
test-4680.png,QBFQX8
test-4681.png,A82QD
test-4682.png,WQHH
test-4683.png,W2QXTX
test-4684.png,HWHB5M
test-4685.png,MXQ8
test-4686.png,ZY95S
test-4687.png,NF5D5Z
test-4688.png,2SWX7
test-4689.png,BQX
test-469.png,QA25E2E
test-4690.png,WHBQ8
test-4691.png,NBXMWM
test-4692.png,BQ8H
test-4693.png,BMHXBX
test-4694.png,QXQ242WH
test-4695.png,HHT7Q
test-4696.png,QTXQ
test-4697.png,M5XQ8PQ
test-4698.png,HQBD5
test-4699.png,WMXHM
test-47.png,CAQBQ
test-470.png,WHQFZ
test-4700.png,NDYFQ
test-4701.png,QBSQE5
test-4702.png,7AHWHUM
test-4703.png,WX5FWH
test-4704.png,8Q2WX
test-4705.png,FMJFBA5
test-4706.png,58M5M7
test-4707.png,CBABXQ
test-4708.png,4BMM
test-4709.png,BXTM
test-471.png,MQ2SZ
test-4710.png,ZDMQM
test-4711.png,S5Z
test-4712.png,MBQ6XH
test-4713.png,BX2XM
test-4714.png,M6QZM
test-4715.png,MHQQT65
test-4716.png,WQBH5
test-4717.png,EBC6W
test-4718.png,HWM
test-4719.png,FA6MW
test-472.png,6DM85
test-4720.png,HBHTB2H
test-4721.png,MDXQWH
test-4722.png,QQ6Z5D
test-4723.png,QYXBQ5
test-4724.png,5HTH2
test-4725.png,QMWHCT
test-4726.png,82QW
test-4727.png,PQFBQ5
test-4728.png,AF4FQZ
test-4729.png,8WH2Q7
test-473.png,Q8QWC5
test-4730.png,MBXB65
test-4731.png,XQFM
test-4732.png,92A5M
test-4733.png,HQWH
test-4734.png,8HBYQM
test-4735.png,TQM
test-4736.png,BF65D7
test-4737.png,BT5B5C6BQ
test-4738.png,WQ6D
test-4739.png,SBQTQQ
test-474.png,ASZ9BH5
test-4740.png,QZWQ
test-4741.png,HYF5
test-4742.png,HZ2Z
test-4743.png,BMUYM
test-4744.png,AHWB6AD
test-4745.png,QWHQWQ
test-4746.png,XMQF5
test-4747.png,XQXDQ
test-4748.png,DQAFD
test-4749.png,BFWHD
test-475.png,NBQE4
test-4750.png,TBHT2D
test-4751.png,6WQQ
test-4752.png,82WXBX
test-4753.png,B6BD2
test-4754.png,HMH
test-4755.png,DQXZ
test-4756.png,6MWH8
test-4757.png,TQ2XQM
test-4758.png,W2WK5
test-4759.png,6Q2QWM7
test-476.png,QA79QXQ5
test-4760.png,6DQWXQ
test-4761.png,FWHM5E
test-4762.png,Q62HZ
test-4763.png,2AFMX
test-4764.png,Q2XBH5
test-4765.png,T6M
test-4766.png,QH6D4
test-4767.png,ZF2Z5
test-4768.png,WQ7C
test-4769.png,MFSWCT
test-477.png,FN8XQ
test-4770.png,HWTM
test-4771.png,2XT6D
test-4772.png,EBWASZ
test-4773.png,H8F2HM
test-4774.png,6QAB
test-4775.png,62YBT5
test-4776.png,WDHX
test-4777.png,BQ5H
test-4778.png,Q85T
test-4779.png,FWMPM
test-478.png,FXDH
test-4780.png,XQ6ADX
test-4781.png,B2MM
test-4782.png,WHQBHZ
test-4783.png,BCBQM
test-4784.png,5BX8
test-4785.png,WQYA5H
test-4786.png,2XBQTQ
test-4787.png,6ABC6M
test-4788.png,MFWHZ
test-4789.png,BQ24QH
test-479.png,MFWM5
test-4790.png,QMQAHF
test-4791.png,QQBQAQD
test-4792.png,FBHWZ
test-4793.png,8QX
test-4794.png,QHQTQX
test-4795.png,WQMHZ
test-4796.png,BXM
test-4797.png,QXQ6Q
test-4798.png,QF2MHMW
test-4799.png,Y6FBQ5
test-48.png,W6T8M
test-480.png,6HWNB52
test-4800.png,QDQ
test-4801.png,QX
test-4802.png,7WHQZH
test-4803.png,82DXHB
test-4804.png,Q9WHG
test-4805.png,Q9ZTQF
test-4806.png,MHQ
test-4807.png,H6B
test-4808.png,H2QBCAQ
test-4809.png,TBZXHX7
test-481.png,QB8FM
test-4810.png,APH5
test-4811.png,QCTY8T5
test-4812.png,BHDBZ
test-4813.png,BBQWX
test-4814.png,E2YWX
test-4815.png,QQM
test-4816.png,QA2X8T5X
test-4817.png,X5HXT
test-4818.png,2QFW8
test-4819.png,QF8XZM
test-482.png,BT5QXM
test-4820.png,XH2QA5
test-4821.png,79F4
test-4822.png,3TWQQ
test-4823.png,F6FTBCHM
test-4824.png,8D7
test-4825.png,Z5T67
test-4826.png,QABHWQ
test-4827.png,FBMHMX
test-4828.png,H4H
test-4829.png,BMWH
test-483.png,QBHWM
test-4830.png,NBWPQ
test-4831.png,6SH245
test-4832.png,SFA5
test-4833.png,BAQ6M
test-4834.png,8M
test-4835.png,QMXW8
test-4836.png,HDYX5
test-4837.png,T5B6QPX
test-4838.png,8DXTFH
test-4839.png,Q6XBDM
test-484.png,MPWB2Q85
test-4840.png,QQWA56
test-4841.png,5QBMH
test-4842.png,TDXM
test-4843.png,HW65
test-4844.png,6MWHD
test-4845.png,HQXB6
test-4846.png,F2QB5
test-4847.png,2XQBQ5
test-4848.png,HTADD
test-4849.png,XD
test-485.png,NFTFMX5
test-4850.png,WHMD
test-4851.png,FQTBAG
test-4852.png,QBXT
test-4853.png,WHHM
test-4854.png,ZDAMQ
test-4855.png,WM8WT5
test-4856.png,DA8XH
test-4857.png,BWMQ95
test-4858.png,7CQDQ
test-4859.png,BMB5
test-486.png,XZ5
test-4860.png,8Q82CQ
test-4861.png,A8HQT
test-4862.png,QQDW54
test-4863.png,TQMWQ
test-4864.png,8XWMWM
test-4865.png,BAX64
test-4866.png,FQW
test-4867.png,BQH4
test-4868.png,QBFHT
test-4869.png,H2M6
test-487.png,2EBFHM8
test-4870.png,AHQG
test-4871.png,652BQ7Z
test-4872.png,BQH
test-4873.png,FWA5EZB
test-4874.png,XBZZ9ZH
test-4875.png,XTZEW
test-4876.png,7QBQ5
test-4877.png,YBM
test-4878.png,FQBQXM
test-4879.png,QPBKFA6
test-488.png,BWHDHD
test-4880.png,XDWH
test-4881.png,WQ2XQX5
test-4882.png,MQ2CBW
test-4883.png,QB5Q2
test-4884.png,F29BTX
test-4885.png,XQZ2
test-4886.png,V5H5
test-4887.png,BABYZZ
test-4888.png,2DX
test-4889.png,MHWHX
test-489.png,BQQ2M
test-4890.png,B25FW6
test-4891.png,WQFYFQ
test-4892.png,QWHQTCQ
test-4893.png,ZTZAH9
test-4894.png,8AZ8B9
test-4895.png,QQBYQPQ
test-4896.png,F6W8QM
test-4897.png,QYQFBD
test-4898.png,MHB5X
test-4899.png,FBXE5Z
test-49.png,XYBQF8
test-490.png,QWQZDA5
test-4900.png,TMQWHQD
test-4901.png,Q2XWM7
test-4902.png,DXMQ82
test-4903.png,5TXFH
test-4904.png,QWBXD
test-4905.png,FMBXZ7
test-4906.png,2AQE8
test-4907.png,BAHSZH
test-4908.png,4HW
test-4909.png,NBXQ
test-491.png,TQDM
test-4910.png,8SBA2M
test-4911.png,XFA
test-4912.png,DABUM
test-4913.png,XQYF
test-4914.png,FHM8A
test-4915.png,BF5QMQ
test-4916.png,BQADHT
test-4917.png,BAB5YZ5
test-4918.png,2Q2
test-4919.png,BQHP8
test-492.png,FFYWB5
test-4920.png,HQAHQH
test-4921.png,Q8BDQ5
test-4922.png,6BUWD2
test-4923.png,2WKTQ
test-4924.png,XWQD
test-4925.png,B6245
test-4926.png,QXFXDM7
test-4927.png,8BQ65
test-4928.png,W8T
test-4929.png,QHM5
test-493.png,Q6FM
test-4930.png,2WBHXG
test-4931.png,MWB6B45
test-4932.png,F25Z
test-4933.png,WM9TXT7
test-4934.png,8HQTD
test-4935.png,ZB2Z7
test-4936.png,BY8FB
test-4937.png,TT85M
test-4938.png,FAPQM
test-4939.png,QQDH
test-494.png,484B
test-4940.png,7QBDX
test-4941.png,5BFWM5Z
test-4942.png,BHM5
test-4943.png,QDXMX
test-4944.png,XBYBWX
test-4945.png,7WFXF
test-4946.png,8FMH
test-4947.png,QFWXHX
test-4948.png,XTB6X
test-4949.png,Q62H
test-495.png,ZMYB5
test-4950.png,HQ5F
test-4951.png,MQ7QXTQ
test-4952.png,MF5FWM69
test-4953.png,DCBHE2D
test-4954.png,XA8FH2
test-4955.png,X8TQDX
test-4956.png,QB8
test-4957.png,MHB3A5
test-4958.png,YFMX
test-4959.png,S2XQ
test-496.png,F8F2M
test-4960.png,HPWMFD
test-4961.png,WH5X
test-4962.png,QZXFQ
test-4963.png,HWASZ
test-4964.png,HWHWXQ5
test-4965.png,QHMBQ
test-4966.png,HWEBCFH
test-4967.png,BABDHD
test-4968.png,BSBQPX
test-4969.png,S4BQF2
test-497.png,QQCTX
test-4970.png,BQ82Q
test-4971.png,MWHTH
test-4972.png,MQMXT
test-4973.png,SQBT6M
test-4974.png,QYQHQ
test-4975.png,6D2AHTG
test-4976.png,MBTM
test-4977.png,X5ZD
test-4978.png,WQBHM
test-4979.png,HQBXQ6Z
test-498.png,TBAH
test-4980.png,MFBX
test-4981.png,ZC5QD5
test-4982.png,WHBQ
test-4983.png,H2QXTX
test-4984.png,B252WBQ
test-4985.png,ZMFWM
test-4986.png,MF8BT2
test-4987.png,FXXBX
test-4988.png,FANB4
test-4989.png,SBWXH
test-499.png,HWBQMX
test-4990.png,MW8B65
test-4991.png,HXNB7
test-4992.png,8HEW
test-4993.png,HB2X5
test-4994.png,WH8ATC
test-4995.png,BMT
test-4996.png,WQH52
test-4997.png,9QXMQ
test-4998.png,CAFAFQ
test-4999.png,F2MT5
test-5.png,QBWN8
test-50.png,2AFHZ
test-500.png,8QWXWD
test-501.png,HAQB5
test-502.png,F2AQ5
test-503.png,WHF5
test-504.png,MHMW
test-505.png,CDBWM5
test-506.png,HX4G
test-507.png,M7MW
test-508.png,HQHXT5Q
test-509.png,8QSCQP
test-51.png,6CQM
test-510.png,6FMPHXH
test-511.png,2MFHH
test-512.png,8T6TS24
test-513.png,YTDQ
test-514.png,FWDQ5
test-515.png,HQTQXQ
test-516.png,MHBAH
test-517.png,QYQX5Z
test-518.png,2QFQD
test-519.png,HDATDX
test-52.png,QWHAH
test-520.png,QMW4
test-521.png,MNBQD
test-522.png,2W8JE
test-523.png,Q29E4D
test-524.png,8A24
test-525.png,NBDXM
test-526.png,7MF7FTX
test-527.png,QWDBA5
test-528.png,2XMVZ
test-529.png,B6
test-53.png,QFQ
test-530.png,8BXAT25
test-531.png,H2WZ
test-532.png,HDW
test-533.png,B2AC5
test-534.png,QTM
test-535.png,ZMWM7
test-536.png,76YYZ
test-537.png,5QYQ5D
test-538.png,YQMM
test-539.png,AFTB2
test-54.png,N87G
test-540.png,6QXQWX
test-541.png,ABXBM
test-542.png,T7XQT
test-543.png,DW2FW
test-544.png,HWB6D5
test-545.png,Q92FHFZ
test-546.png,QB8BQ8D
test-547.png,8FFWXQH
test-548.png,XWXH5
test-549.png,6QAQHT
test-55.png,BWX5HZ
test-550.png,WDQB5
test-551.png,CDWBY
test-552.png,QBHQFA
test-553.png,ADMW6
test-554.png,X7Q24Q
test-555.png,FZMW9WC
test-556.png,DWWQ
test-557.png,WHQ5Z
test-558.png,Q2Q5
test-559.png,24
test-56.png,BQMZ
test-560.png,WH5
test-561.png,A8Q8
test-562.png,AWQD
test-563.png,T5HYH5
test-564.png,WXHXM
test-565.png,8BT5Q5
test-566.png,T5QH
test-567.png,BC2B9
test-568.png,HMWZ5
test-569.png,QTBQDX
test-57.png,XQ6Q
test-570.png,SQ5Y6FZP
test-571.png,QQAD9M
test-572.png,EF28TH
test-573.png,QF8F
test-574.png,HH4FZ4H
test-575.png,WQ8FQ
test-576.png,7TTBQ2TD
test-577.png,WHBXQ
test-578.png,ZAQWH
test-579.png,8C8B6
test-58.png,FHFZ
test-580.png,6XWXM5
test-581.png,N86D
test-582.png,MBTQW5
test-583.png,HX7
test-584.png,7MZ
test-585.png,B45YBYB5
test-586.png,9FTFH
test-587.png,XDYM
test-588.png,WXMPZD
test-589.png,HS2
test-59.png,BCBXP
test-590.png,ACEQX
test-591.png,MPHYBXP
test-592.png,8BMQM
test-593.png,HA5
test-594.png,QX8F5Q
test-595.png,BQSYBQ
test-596.png,DWYZ5
test-597.png,WBXDMX
test-598.png,ZAB2H
test-599.png,WA2WA2
test-6.png,F4EWXM
test-60.png,8TWHA2XQ
test-600.png,8NWTQ
test-601.png,7MFHFTZT
test-602.png,BM5Z
test-603.png,MA5WXT2H
test-604.png,QXAQ
test-605.png,MQH9QZM
test-606.png,BBYWYFH
test-607.png,FHT5QD
test-608.png,7HBTX768E
test-609.png,TFT9QD
test-61.png,6HAQ
test-610.png,F4B6Q4
test-611.png,XWH2
test-612.png,HWQX7
test-613.png,M7HBX4
test-614.png,WXFW
test-615.png,MFWH
test-616.png,FTHW
test-617.png,BQ8WFX
test-618.png,AH65Z5
test-619.png,Y7Z
test-62.png,6MBK7
test-620.png,2XQ2Q5
test-621.png,2MTFP6
test-622.png,NDQXNQ
test-623.png,B5WQ65
test-624.png,MNBQ2Z2
test-625.png,QWXZ
test-626.png,BAXWH
test-627.png,SZDW7
test-628.png,2FAH
test-629.png,6QUXQ
test-63.png,65Z5
test-630.png,NBXQ48
test-631.png,ST8T
test-632.png,CZX4Z
test-633.png,S9FTMQ
test-634.png,Q5Q59ZFYD
test-635.png,HBQZWM7
test-636.png,MFZWX
test-637.png,A56M
test-638.png,BWQ8DCB
test-639.png,86ZT
test-64.png,ZSQ2ZH
test-640.png,QXQ5
test-641.png,NQBQD
test-642.png,XBYBCX
test-643.png,HT5T2
test-644.png,BX
test-645.png,QX5QQ5
test-646.png,TB2TX5
test-647.png,MMWB7QZ
test-648.png,X2MHT
test-649.png,MXFZY9
test-65.png,BQ5X
test-650.png,DA8FZD
test-651.png,9AFADT
test-652.png,WBFH6
test-653.png,QNBY
test-654.png,HWM
test-655.png,YQXTM
test-656.png,HBAPQ
test-657.png,EXZ
test-658.png,AHBT5
test-659.png,FQXWH
test-66.png,D9MFM
test-660.png,WBXQ5
test-661.png,BQHQM7M
test-662.png,CHX245
test-663.png,HWYSZ
test-664.png,2XQT
test-665.png,T5DQXQ
test-666.png,AH58Z
test-667.png,DH4Z5
test-668.png,MFMHM
test-669.png,6BW
test-67.png,QBHXT
test-670.png,7TAQ4QA
test-671.png,BCBXH8
test-672.png,MABM
test-673.png,ZM82HWD
test-674.png,2FQZ
test-675.png,DHFHF7
test-676.png,QAQFM
test-677.png,EBWH5
test-678.png,H2QW8
test-679.png,Q85F9E
test-68.png,NB6
test-680.png,6WWEHX
test-681.png,QHQXWQH
test-682.png,ZZ
test-683.png,2HWX7
test-684.png,MQQXDX
test-685.png,QXTTSD
test-686.png,MX85
test-687.png,8SBFEHZ
test-688.png,TX
test-689.png,MQX7
test-69.png,6BWABFH
test-690.png,HX864Z
test-691.png,AD6Q5
test-692.png,A8FQHZ
test-693.png,W7Q89
test-694.png,SFH5T
test-695.png,2W8HDW
test-696.png,FFTQMT
test-697.png,SHSFWH
test-698.png,TFBWBAQ
test-699.png,MWQBQ
test-7.png,6AQBXH
test-70.png,XXZWX
test-700.png,HB6Y45
test-701.png,HH
test-702.png,TE2HH4H
test-703.png,Q5QHQ
test-704.png,6AQ599
test-705.png,C6ZEZ54
test-706.png,6MPQM
test-707.png,QXH4
test-708.png,FHXXH
test-709.png,SBXY6D
test-71.png,6XXFT
test-710.png,ZXMTWQ
test-711.png,8Q826BH
test-712.png,QX9ABC2
test-713.png,MQA8BQM
test-714.png,HQXM8
test-715.png,BHWH
test-716.png,BBABH
test-717.png,6FYQH
test-718.png,HX
test-719.png,FHW5C
test-72.png,DABFT
test-720.png,WMF7
test-721.png,TQ6M
test-722.png,T6B24B4
test-723.png,NQ85
test-724.png,BDY5
test-725.png,ZMD
test-726.png,Q652
test-727.png,MFWF2
test-728.png,AB9DQA5
test-729.png,8HBQ57
test-73.png,6FAQM
test-730.png,MT25
test-731.png,BS6FBW4
test-732.png,2YHQT
test-733.png,6FWMTQ
test-734.png,MFH4W
test-735.png,6ZMM
test-736.png,24H
test-737.png,BTQ2C6X
test-738.png,QTWMD
test-739.png,TFHXQ
test-74.png,ADA5X
test-740.png,7QZ9B545
test-741.png,WQ5Z2T
test-742.png,BQ5T
test-743.png,WQWPM
test-744.png,2ABD
test-745.png,XNP
test-746.png,BAQXF
test-747.png,TFS6A
test-748.png,X78QX
test-749.png,B6MM
test-75.png,HMWHQ
test-750.png,NPVTBCDQ
test-751.png,MWA87
test-752.png,ZYZ5
test-753.png,A5X265
test-754.png,WY9F2
test-755.png,ZAB5M
test-756.png,MA2X8
test-757.png,BYBQHX
test-758.png,CZWM8W
test-759.png,Q7MWP
test-76.png,AFHFM
test-760.png,6FXAH
test-761.png,MHMTZ
test-762.png,CQHWY
test-763.png,W2MQ
test-764.png,FQ6AKD
test-765.png,BQB8Q
test-766.png,Q5M7
test-767.png,6QWB
test-768.png,89HWHM
test-769.png,WXF4
test-77.png,QW9Q
test-770.png,FBTF5A
test-771.png,MQQWQ
test-772.png,Z8FWXH
test-773.png,2ABXQA
test-774.png,MHB262
test-775.png,MB6WQ
test-776.png,Q2Q
test-777.png,2Q
test-778.png,XTXQM
test-779.png,9BF
test-78.png,QDWMG
test-780.png,QQABP
test-781.png,BAB8H7
test-782.png,CFH6Z
test-783.png,MXBQ9E
test-784.png,2QMYH
test-785.png,QQBHAB
test-786.png,7XQX
test-787.png,ADYD5
test-788.png,BWB6
test-789.png,WQWQ8H
test-79.png,S5HW
test-790.png,ABST2
test-791.png,QXMHNTQ
test-792.png,BFADC5
test-793.png,8QXB
test-794.png,QXXT2Q
test-795.png,WQX7
test-796.png,8FXQ
test-797.png,MHDXTD
test-798.png,8BSF5F2
test-799.png,XB656
test-8.png,HPQ6CQ5
test-80.png,YZAM
test-800.png,QXW6D
test-801.png,C2XQ
test-802.png,CWQC5Z
test-803.png,HWQBYZ
test-804.png,ABTFHX
test-805.png,BNBM
test-806.png,FWS6QE
test-807.png,BXDWH4
test-808.png,MDCBW5
test-809.png,BQM
test-81.png,6YFXB2
test-810.png,MWEH5
test-811.png,WBF7
test-812.png,A2WX
test-813.png,52BYB5
test-814.png,NFQBXBD
test-815.png,HQW5
test-816.png,QQM
test-817.png,SQDWXQ
test-818.png,BMFWQ
test-819.png,QHTD2
test-82.png,MQCFYF8
test-820.png,2QBZ2
test-821.png,HABTQM
test-822.png,HX9XQX
test-823.png,QWF2AET
test-824.png,6X85Q
test-825.png,TZQ
test-826.png,TQ9XH
test-827.png,MTBD
test-828.png,FAB5Z
test-829.png,ZWQW6Z
test-83.png,MX5M7Q
test-830.png,YHQX
test-831.png,X7TNTBQT
test-832.png,DQ4HM
test-833.png,75QH6YE
test-834.png,YHPQ
test-835.png,WAHXW
test-836.png,B5XQ
test-837.png,ZAB2
test-838.png,6QW6HX
test-839.png,EMWE
test-84.png,HMFH5
test-840.png,FSFZ5
test-841.png,6VEH5
test-842.png,MMXWK
test-843.png,BMBZ5
test-844.png,DH5MH
test-845.png,HNDQ
test-846.png,MXQBFX
test-847.png,WHBQ2A
test-848.png,B2WDWD
test-849.png,WQACZ2Z
test-85.png,Q2CD
test-850.png,X6AZH
test-851.png,CFA2
test-852.png,Q6XCF
test-853.png,QWQBMT
test-854.png,XBMQWM
test-855.png,W2XTQ
test-856.png,QXWQM
test-857.png,MQX
test-858.png,SQN9M
test-859.png,EYMX
test-86.png,8FT8PM
test-860.png,MWAB
test-861.png,FMBFG
test-862.png,DXQM
test-863.png,QP5H2FT
test-864.png,M2WH
test-865.png,2MBX7
test-866.png,B6X
test-867.png,8M254
test-868.png,BYKZXMT
test-869.png,BS6BQW
test-87.png,C8S6QM
test-870.png,BTFMBX
test-871.png,85F2WB8
test-872.png,2BE4A5
test-873.png,7MWHQH
test-874.png,Y5QXBM
test-875.png,FMTQ
test-876.png,2BCH
test-877.png,BXD
test-878.png,QBH4H
test-879.png,XQH
test-88.png,SF2QT
test-880.png,C9MPM
test-881.png,HBZWH
test-882.png,AQ5HM
test-883.png,MM
test-884.png,BY5
test-885.png,BB9FM
test-886.png,52AWH
test-887.png,FAT5Z
test-888.png,2BX5QT
test-889.png,BTFQ
test-89.png,TQ56ZB58
test-890.png,HE4Z
test-891.png,A9WQH
test-892.png,WHXBQ
test-893.png,QNP6XZHM
test-894.png,QXBTBM
test-895.png,HXWXT5
test-896.png,S6ADA8
test-897.png,QBAF2
test-898.png,SBQX7
test-899.png,QXHZ8
test-9.png,7B2Z2ZFT
test-90.png,ZSFQBQ
test-900.png,64FWMH
test-901.png,BYMQ
test-902.png,BHAT6Q
test-903.png,82Z6X8
test-904.png,XABC
test-905.png,2W6X7
test-906.png,BS6AH
test-907.png,THWHD
test-908.png,Q2Q5DH
test-909.png,Q5
test-91.png,ZXAN5
test-910.png,Q5MBQ
test-911.png,6QXT5
test-912.png,QFMZ45
test-913.png,HFQ
test-914.png,6F6S242Z
test-915.png,H62
test-916.png,QYZAZ
test-917.png,XYZZBZ
test-918.png,XQ8D
test-919.png,65SF2XH
test-92.png,BWQFD
test-920.png,8WD5BW7
test-921.png,WXM755
test-922.png,MW
test-923.png,FWBTH
test-924.png,DAB5D
test-925.png,WABQ
test-926.png,QQHXAQ7
test-927.png,SFQBXQ
test-928.png,5B2A2
test-929.png,HABQQM
test-93.png,QQBZ
test-930.png,6MWQ
test-931.png,BHQFW
test-932.png,XBHQ6
test-933.png,2XTA
test-934.png,Q52THWM
test-935.png,86QWXZX
test-936.png,8QHM
test-937.png,MBXM
test-938.png,8XM2M
test-939.png,2XA8
test-94.png,NBCQ5
test-940.png,MPHWX
test-941.png,8HXTSXZ
test-942.png,MW2XM
test-943.png,2X2MW
test-944.png,HX7C2F
test-945.png,QMW
test-946.png,HHFZF4
test-947.png,XH
test-948.png,WBSB2H
test-949.png,MHXDT
test-95.png,BQXZ
test-950.png,7SXQT5
test-951.png,QAQXQ6
test-952.png,BF2XQX
test-953.png,XQM
test-954.png,TMT
test-955.png,5BDWEZ2
test-956.png,HABYZ
test-957.png,BWQF52ZD
test-958.png,QX2TM8
test-959.png,Q8M5
test-96.png,X
test-960.png,ZAQHAP
test-961.png,HMH
test-962.png,2QB2
test-963.png,QWXB5
test-964.png,86QX
test-965.png,QMQHWQ
test-966.png,6MM
test-967.png,AFWQ58
test-968.png,QM5X
test-969.png,HDHWQF
test-97.png,B8BYFA
test-970.png,QA9ZH
test-971.png,BMPW
test-972.png,S2WQD
test-973.png,XQ85Q
test-974.png,HN8FQ2
test-975.png,DSEA
test-976.png,HBQDW
test-977.png,2WHW
test-978.png,HA8E5
test-979.png,XWHBQ
test-98.png,HXWQHX
test-980.png,MF
test-981.png,FMAZ5
test-982.png,B6Q29
test-983.png,FC2SFA5
test-984.png,XYB85
test-985.png,HWHW
test-986.png,8259BH
test-987.png,Q8HQ4
test-988.png,HWX8TX
test-989.png,MHN5QXT
test-99.png,2QWQH
test-990.png,YHWAP
test-991.png,Q5MM
test-992.png,A5QWHE
test-993.png,6MDHWW
test-994.png,7TCFBQ
test-995.png,592XFY
test-996.png,QCQ5
test-997.png,6BDXT
test-998.png,MX5
test-999.png,QHE
